customerid,recency,frequency,monetary
12346,326,1,77183.60
12347,3,7,4310.00
12348,76,4,1797.24
12349,19,1,1757.55
12350,311,1,334.40
12352,37,8,2506.04
12353,205,1,89.00
12354,233,1,1079.40
12355,215,1,459.40
12356,23,3,2811.43
12357,34,1,6207.67
12358,2,2,1168.06
12359,58,4,6372.58
12360,53,3,2662.06
12361,288,1,189.90
12362,4,10,5226.23
12363,110,2,552.00
12364,8,4,1313.10
12365,292,2,641.38
12367,5,1,168.90
12370,52,4,3545.69
12371,45,2,1887.96
12372,72,3,1298.04
12373,312,1,364.60
12374,26,1,742.93
12375,11,2,457.50
12377,316,2,1628.12
12378,130,1,4008.62
12379,82,2,852.24
12380,22,4,2724.81
12381,5,5,1845.31
12383,185,5,1850.56
12384,29,2,585.27
12386,338,2,401.90
12388,16,6,2780.66
12390,80,1,549.84
12391,22,1,460.89
12393,73,4,1582.60
12394,64,2,1272.48
12395,20,12,3018.63
12397,36,2,2409.90
12398,46,1,1635.66
12399,120,4,1108.65
12401,304,1,84.30
12402,324,1,225.60
12403,50,1,427.70
12405,149,1,1710.39
12406,23,2,3415.30
12407,50,5,1708.12
12408,33,5,2888.55
12409,79,3,11072.67
12410,309,2,693.33
12412,75,3,1226.88
12413,67,3,758.10
12414,218,3,562.41
12415,25,21,124914.53
12417,4,9,3649.10
12418,113,1,668.58
12420,64,1,600.39
12421,16,4,807.04
12422,96,3,803.56
12423,1,8,1859.31
12424,163,2,1760.96
12425,79,1,777.20
12426,195,1,582.73
12427,22,3,825.80
12428,26,9,7956.46
12429,10,4,3750.40
12430,44,1,256.40
12431,36,15,6487.45
12432,43,5,5059.32
12433,1,7,13375.87
12434,85,2,806.14
12435,80,2,7829.89
12436,100,1,509.01
12437,2,18,4951.41
12438,15,2,2906.85
12441,367,1,173.55
12442,4,1,172.06
12444,22,5,5005.46
12445,23,1,133.40
12446,58,1,1002.31
12447,244,1,476.49
12448,45,1,449.45
12449,23,4,4067.29
12450,157,2,197.88
12451,11,5,9035.52
12452,17,2,430.57
12453,135,1,707.09
12454,57,1,3528.34
12455,74,6,2466.86
12456,45,3,3181.04
12457,67,7,2363.23
12458,72,2,947.40
12461,95,2,826.88
12462,19,2,1189.59
12463,54,4,1344.78
12464,11,8,1212.05
12465,18,2,742.19
12468,188,2,729.54
12471,3,30,19824.05
12472,33,7,6572.11
12473,30,5,3938.55
12474,18,18,7375.79
12475,54,1,723.38
12476,16,11,6816.42
12477,23,6,13219.74
12478,4,1,680.99
12479,12,1,527.20
12480,29,4,3281.63
12481,23,10,5596.32
12483,18,8,2484.98
12484,33,6,4541.72
12488,10,3,1298.66
12489,337,1,334.93
12490,6,10,5417.93
12491,39,1,460.40
12492,64,2,263.21
12493,166,2,433.74
12494,16,7,1246.10
12497,82,1,1043.10
12498,22,3,403.70
12500,24,11,4257.82
12501,337,1,2169.39
12502,96,5,3723.87
12504,19,2,482.05
12506,233,1,73.50
12507,135,3,1304.81
12508,27,2,398.27
12509,285,1,176.50
12510,143,2,982.57
12512,67,2,138.03
12513,113,1,612.29
12514,268,1,1017.68
12515,354,1,383.70
12516,78,2,1312.06
12517,29,5,2502.84
12518,1,5,2056.89
12519,64,1,340.84
12520,80,5,2634.26
12521,143,1,599.68
12522,40,2,192.72
12523,20,11,1789.77
12524,10,8,4485.72
12526,1,3,1316.66
12527,82,3,348.71
12528,10,6,1933.48
12530,60,4,1662.28
12531,15,1,125.22
12532,31,1,349.83
12534,131,1,1089.18
12535,92,2,716.35
12536,44,3,12601.83
12538,30,1,363.95
12539,23,4,5568.35
12540,20,17,13400.24
12541,30,3,981.18
12544,37,1,372.70
12545,76,2,1000.39
12546,47,2,1161.50
12547,198,2,207.80
12548,167,1,95.20
12550,80,1,964.83
12551,358,1,168.00
12552,39,2,437.82
12553,9,10,3692.28
12556,51,2,603.71
12557,17,5,11990.96
12558,8,1,269.96
12559,311,2,561.71
12560,6,3,2134.01
12561,303,1,238.85
12562,9,7,3781.74
12564,262,1,456.90
12565,289,1,145.92
12566,87,1,351.65
12567,23,10,9401.28
12569,3,32,4124.69
12571,40,2,519.61
12572,9,2,1020.42
12573,228,1,160.54
12574,316,1,218.45
12576,36,5,1315.83
12577,36,3,657.80
12578,22,2,2794.51
12579,79,1,440.42
12580,247,1,415.70
12581,40,1,197.71
12582,239,2,511.36
12583,3,15,7281.38
12584,4,9,2338.15
12585,235,2,2040.10
12586,18,1,196.94
12587,8,1,144.00
12588,40,1,214.90
12589,29,2,646.68
12590,212,2,9864.26
12591,318,1,452.85
12592,93,2,437.60
12593,109,3,418.10
12594,38,10,3338.22
12596,52,2,618.27
12597,20,4,3811.22
12598,10,8,3023.08
12599,30,7,1032.58
12600,29,10,2599.04
12601,190,5,577.06
12602,59,1,153.12
12603,22,1,739.20
12604,80,2,254.18
12607,61,1,1579.51
12609,79,3,1126.85
12610,23,5,2099.54
12611,53,1,1193.32
12612,75,1,704.04
12613,58,5,3344.38
12614,278,1,315.60
12615,3,4,2291.19
12616,96,2,713.30
12617,30,1,355.53
12618,22,1,177.31
12619,17,9,3641.24
12620,15,3,1339.41
12621,2,20,13689.67
12622,233,1,180.10
12623,277,1,305.10
12624,107,2,641.13
12625,212,2,2683.82
12626,24,9,6620.48
12627,11,7,4478.53
12628,5,3,786.46
12630,10,2,1270.88
12631,58,1,640.50
12633,59,4,2163.98
12635,90,2,1689.18
12637,68,8,6021.90
12638,34,1,671.69
12639,239,1,486.10
12640,24,3,1174.58
12641,116,1,185.90
12642,26,3,1013.26
12643,129,6,3344.64
12644,130,1,477.91
12645,34,4,1775.18
12646,5,2,1346.97
12647,23,12,3722.82
12648,155,1,318.05
12649,108,3,623.51
12650,4,1,314.44
12651,335,1,114.00
12652,332,1,919.98
12653,149,2,2209.85
12654,11,5,601.98
12656,18,5,4051.17
12657,12,4,1643.18
12658,19,1,686.05
12659,30,1,91.68
12660,12,1,245.10
12662,1,11,3849.78
12664,9,9,4881.88
12665,325,1,63.00
12667,59,1,620.13
12668,12,4,3807.15
12669,151,3,2744.03
12670,11,5,2996.05
12672,330,1,225.90
12673,6,2,610.52
12674,39,4,1970.60
12676,25,6,1331.39
12678,43,12,17628.46
12679,59,4,1113.02
12680,1,4,862.81
12681,15,22,13787.54
12682,4,31,12288.22
12683,5,15,8476.57
12684,8,7,2283.63
12685,29,6,2863.08
12686,372,1,89.14
12688,114,1,4873.81
12689,26,2,1247.61
12690,206,1,389.01
12691,29,6,1035.80
12693,128,4,855.91
12694,71,2,869.67
12695,8,4,582.10
12697,29,3,957.59
12700,8,4,4939.99
12701,80,2,797.71
12702,20,1,219.00
12703,72,1,283.55
12704,8,8,2340.84
12705,16,9,6868.29
12707,292,1,603.42
12708,30,10,2712.91
12709,16,15,9736.52
12710,97,3,1149.02
12712,29,13,4396.13
12713,1,1,848.55
12714,10,5,4708.86
12715,107,1,353.86
12716,4,2,1053.49
12717,152,2,1030.98
12718,72,1,238.25
12719,6,2,644.95
12720,3,25,5781.73
12721,32,6,2656.13
12722,86,4,997.63
12723,4,5,725.07
12724,6,4,1031.41
12725,372,1,427.80
12726,29,7,2609.10
12727,11,7,3980.70
12728,72,4,836.33
12729,114,1,453.01
12731,24,12,18895.91
12732,180,1,236.26
12733,235,1,383.95
12734,353,1,110.40
12735,316,2,779.57
12736,333,1,234.00
12738,373,1,155.35
12739,79,2,1013.04
12740,64,1,427.60
12743,135,2,546.43
12744,52,7,21279.29
12747,3,11,4196.01
12748,1,209,33719.73
12749,4,5,4090.88
12750,129,1,275.88
12752,82,1,4366.78
12753,23,6,21429.39
12754,236,3,3010.74
12755,281,2,3811.95
12756,87,1,112.08
12757,16,13,7857.10
12758,117,2,2791.59
12759,53,3,1531.44
12762,8,2,1898.52
12763,139,2,494.08
12764,317,1,1693.88
12766,4,7,6989.63
12769,239,1,1143.60
12770,211,1,1351.45
12772,60,1,892.47
12775,18,5,1386.04
12778,20,6,822.23
12779,38,8,3981.36
12781,64,2,826.74
12782,5,5,2330.92
12783,3,6,2225.91
12784,10,2,574.42
12785,365,1,311.95
12787,10,3,463.66
12789,66,1,91.85
12790,193,1,324.92
12791,374,1,192.60
12792,257,1,400.54
12793,335,2,545.48
12794,54,2,860.41
12795,19,1,430.48
12797,366,1,254.03
12798,11,3,6977.04
12802,187,1,427.58
12808,37,3,483.65
12809,178,1,489.31
12811,261,3,514.85
12812,45,1,229.64
12814,102,1,125.92
12815,148,2,1063.46
12816,96,2,572.20
12817,282,1,166.04
12818,262,1,1542.08
12820,4,4,942.34
12821,215,1,92.72
12822,71,2,948.88
12823,75,5,1759.50
12824,60,1,397.12
12826,3,7,1474.72
12827,6,3,430.15
12828,3,6,1018.71
12829,337,2,293.00
12830,38,6,6814.64
12831,263,1,215.05
12832,33,2,383.03
12833,146,1,417.38
12834,283,1,312.38
12836,60,4,2612.86
12837,174,1,134.10
12838,34,2,683.13
12839,3,14,5591.42
12840,144,4,2726.77
12841,5,25,4022.35
12842,71,2,1118.99
12843,66,8,1702.26
12844,30,2,325.96
12845,268,4,354.09
12847,23,1,871.54
12849,32,2,1050.89
12851,97,1,135.18
12852,295,1,311.55
12853,135,6,1957.10
12854,79,3,1324.50
12855,373,1,38.10
12856,8,6,2179.93
12857,211,2,1106.40
12863,53,1,521.20
12864,139,1,147.12
12865,27,2,1568.23
12866,284,1,559.12
12867,27,7,4036.82
12868,186,6,1607.06
12871,85,2,380.64
12872,327,2,599.97
12873,283,1,374.00
12875,144,2,343.23
12876,58,2,2218.02
12877,4,12,1535.77
12878,237,2,854.99
12879,45,3,573.22
12881,276,1,298.00
12882,10,2,1463.04
12883,25,4,703.47
12884,89,1,309.05
12885,64,3,1175.22
12886,68,2,1378.40
12888,215,2,354.12
12890,25,1,380.47
12891,186,3,331.00
12893,31,1,188.14
12895,43,2,372.80
12897,205,2,216.50
12901,9,28,17654.54
12902,265,1,138.68
12904,19,2,509.58
12906,12,5,2919.81
12908,177,2,750.00
12909,40,5,2178.67
12910,24,8,3075.04
12912,3,5,1662.30
12913,5,5,2483.63
12915,149,2,363.65
12916,139,4,3006.15
12917,129,1,594.00
12919,9,6,1335.19
12920,18,1,164.23
12921,10,37,16587.09
12922,162,1,405.38
12923,65,1,176.97
12924,89,4,933.70
12925,5,2,694.05
12928,36,5,2062.70
12929,312,1,117.85
12930,79,2,415.80
12931,22,15,42055.96
12933,25,3,607.53
12935,3,7,2160.70
12936,18,4,1063.90
12937,16,4,1504.27
12938,26,1,114.14
12939,65,8,11581.80
12940,55,2,913.54
12942,132,3,683.90
12944,36,2,604.51
12945,289,1,462.95
12947,144,6,1603.99
12948,17,7,2064.95
12949,31,8,4167.22
12950,3,3,1843.00
12951,9,6,1064.07
12952,6,4,1387.79
12953,10,1,329.85
12955,2,11,4757.16
12956,307,1,108.07
12957,10,8,4017.54
12962,8,2,266.39
12963,9,8,1856.63
12965,90,1,771.91
12966,10,1,160.18
12967,359,2,1660.90
12968,113,1,135.95
12970,8,4,452.24
12971,4,86,11189.91
12974,198,1,144.80
12976,212,1,738.60
12977,157,1,39.24
12980,158,9,7374.90
12981,30,2,372.22
12982,243,1,390.54
12984,19,1,97.50
12985,1,2,1239.38
12987,74,2,558.70
12988,293,1,535.32
12989,4,15,6924.11
12990,32,3,409.50
12991,24,2,503.76
12993,24,4,414.76
12994,5,3,974.42
12995,86,1,211.32
12997,23,4,1226.89
12999,197,3,455.88
13000,107,3,534.85
13001,5,13,9818.82
13002,319,1,120.95
13003,106,3,149.05
13004,12,18,5655.91
13005,174,2,513.70
13006,57,1,81.57
13008,324,1,229.47
13011,373,1,50.55
13012,10,8,1661.84
13013,2,13,4810.94
13014,11,10,3466.28
13015,54,5,3346.28
13016,74,3,789.89
13017,8,1,204.00
13018,17,28,7277.70
13021,5,9,2616.38
13023,65,2,689.90
13026,2,5,975.36
13027,114,6,6912.00
13028,23,2,661.32
13029,31,3,1247.50
13030,12,2,799.48
13032,53,2,1010.18
13033,358,1,190.55
13034,55,2,642.77
13035,74,2,921.88
13037,139,3,881.07
13038,81,3,908.46
13040,9,2,676.99
13043,274,1,516.42
13044,292,1,560.47
13045,100,1,305.28
13046,31,2,629.31
13047,32,10,3237.54
13048,15,4,1835.91
13049,65,2,656.68
13050,15,17,5836.86
13052,213,1,348.15
13055,79,3,1214.41
13058,25,3,271.40
13059,250,1,183.40
13060,254,1,307.53
13061,73,1,248.61
13062,192,1,346.98
13064,13,4,1119.49
13065,374,1,205.86
13066,25,2,470.80
13067,83,1,115.46
13068,11,2,344.00
13069,1,24,4436.12
13070,193,1,228.80
13072,267,1,177.15
13075,130,1,919.61
13077,2,4,729.27
13078,4,26,12627.94
13079,5,5,220.10
13080,180,1,58.08
13081,12,11,28337.38
13082,127,9,3613.63
13083,5,2,303.75
13085,158,2,416.08
13089,3,97,58825.83
13090,9,14,8910.82
13091,29,1,345.82
13092,71,5,477.83
13093,276,8,7832.47
13094,22,12,1927.32
13095,71,1,74.40
13097,33,10,6010.42
13098,2,28,28882.44
13099,100,1,207.36
13101,235,1,101.19
13102,2,24,6424.09
13103,40,1,243.94
13104,4,6,1098.48
13106,134,1,76.50
13107,45,4,1531.62
13108,373,1,350.06
13109,60,2,786.54
13110,32,7,1488.67
13113,1,24,12245.96
13115,12,4,2294.78
13116,139,1,501.14
13117,22,8,984.91
13118,20,5,1197.81
13120,239,1,30.60
13121,270,1,283.73
13122,95,2,922.39
13124,90,3,3866.33
13126,5,8,2099.64
13127,78,1,259.17
13130,95,1,64.00
13131,24,3,1073.30
13132,262,1,77.30
13133,274,2,109.80
13134,86,4,1793.58
13135,197,1,3096.00
13136,57,5,2607.61
13137,11,8,3650.41
13138,23,6,962.39
13139,17,7,5064.94
13140,109,3,423.72
13141,85,5,2388.75
13142,20,1,307.09
13144,333,1,110.95
13145,40,4,618.52
13146,27,1,228.91
13147,11,4,712.80
13148,30,12,3707.12
13149,15,4,1676.06
13151,296,1,1257.87
13153,6,1,486.22
13155,34,4,971.76
13157,50,4,1741.22
13158,95,4,1201.06
13159,9,4,1437.85
13160,23,1,91.80
13161,314,1,112.75
13162,123,4,1688.29
13165,47,2,1021.48
13166,284,1,417.20
13167,19,4,791.33
13168,37,4,1319.19
13169,64,2,712.88
13170,27,1,116.01
13171,22,3,468.41
13173,5,2,353.65
13174,17,3,2817.03
13176,47,1,492.84
13177,65,1,282.45
13178,27,11,5725.47
13182,46,1,121.18
13183,8,9,3957.78
13184,15,10,1701.29
13185,268,1,71.40
13186,40,3,1575.89
13187,338,1,236.02
13188,12,1,114.60
13189,19,2,260.68
13192,96,2,911.94
13193,62,1,117.88
13194,136,1,60.70
13196,12,4,1797.78
13198,11,6,3401.24
13199,4,38,9817.12
13200,20,4,870.09
13203,10,4,869.46
13207,16,2,250.26
13208,59,6,1223.90
13209,31,8,5891.61
13210,94,1,353.48
13211,11,3,1197.42
13212,20,3,788.08
13213,57,5,1520.58
13216,268,1,333.74
13217,123,3,533.98
13218,128,1,62.64
13220,79,4,819.29
13221,241,2,847.41
13223,201,2,163.20
13224,61,2,2155.95
13225,4,7,6463.84
13226,274,1,108.21
13227,202,1,257.70
13228,82,1,358.00
13229,226,1,160.95
13230,5,14,2806.97
13232,13,7,1357.60
13233,75,2,605.12
13235,213,1,1031.07
13236,25,2,744.85
13238,18,4,700.73
13239,262,1,329.56
13240,97,4,663.65
13242,113,3,270.40
13243,204,1,600.07
13244,93,1,121.74
13245,51,1,430.50
13246,19,6,1987.30
13247,18,4,501.12
13248,125,2,465.68
13249,93,3,711.41
13253,157,2,1030.40
13255,10,2,399.51
13258,12,3,698.58
13259,62,1,292.32
13260,62,1,557.62
13261,269,2,944.10
13262,264,1,200.29
13263,2,35,7454.07
13265,54,5,2107.66
13266,12,12,3834.26
13267,3,19,4521.49
13268,18,11,3214.69
13269,2,15,5346.23
13270,367,1,590.00
13271,38,1,217.38
13272,32,2,276.56
13273,114,1,138.98
13276,64,2,590.93
13277,16,4,258.40
13278,41,1,542.73
13279,79,1,137.75
13280,123,3,814.86
13282,19,3,1132.14
13283,60,2,93.66
13284,331,1,201.19
13285,24,4,2709.12
13291,156,1,361.11
13292,39,2,578.94
13294,190,2,873.74
13295,360,1,201.20
13296,138,1,87.40
13297,8,4,2089.85
13298,2,1,360.00
13299,269,1,142.50
13300,170,1,371.89
13301,104,4,618.09
13302,156,1,63.75
13304,352,1,300.42
13305,5,10,2000.86
13307,121,1,15.00
13308,23,3,1385.51
13309,8,5,1456.79
13310,29,3,1132.03
13311,5,2,598.57
13313,23,5,1555.32
13314,2,3,775.94
13316,38,4,5977.73
13317,67,6,2273.68
13318,2,3,640.76
13319,6,26,10845.55
13320,79,4,1548.70
13321,73,2,567.36
13322,18,1,199.48
13323,4,5,787.85
13324,37,10,7121.95
13325,82,1,675.30
13327,39,8,3627.77
13328,317,1,1308.48
13329,32,2,789.00
13330,93,3,1140.93
13332,15,1,350.90
13334,83,3,3536.82
13336,78,1,795.12
13338,158,1,487.02
13339,201,1,860.12
13340,46,7,10736.48
13341,261,1,775.85
13343,178,1,353.43
13344,68,3,2543.72
13345,288,1,389.50
13347,71,1,341.36
13348,65,1,233.76
13349,11,1,247.32
13350,17,2,979.12
13351,67,1,373.94
13352,61,1,397.98
13354,72,1,743.53
13355,123,1,674.70
13356,81,1,768.24
13357,258,1,609.95
13358,269,1,439.03
13359,64,1,439.56
13362,10,4,3090.74
13363,18,2,992.50
13364,72,1,134.96
13365,34,2,2225.37
13366,51,1,56.16
13368,257,2,623.40
13369,366,1,308.28
13370,372,1,754.87
13372,90,1,378.64
13373,61,3,3312.25
13375,89,1,778.65
13376,100,3,1019.76
13379,27,3,572.56
13381,32,6,3639.31
13382,281,1,222.99
13384,31,7,4151.93
13385,330,1,534.57
13388,132,2,677.10
13389,12,3,797.96
13390,75,1,544.08
13391,204,1,59.80
13394,2,8,2520.02
13395,186,1,307.72
13396,30,2,1360.99
13397,73,5,1544.13
13398,193,1,457.34
13402,128,2,621.23
13403,18,1,75.00
13404,2,2,252.49
13405,75,3,572.45
13408,2,62,28117.04
13410,25,5,1003.06
13411,108,1,213.55
13414,134,3,1390.50
13416,44,2,712.50
13417,5,2,640.83
13418,12,18,6127.43
13419,64,1,221.06
13420,150,2,159.85
13421,41,2,1851.08
13422,65,1,2626.30
13425,109,3,1624.21
13426,1,10,3641.32
13427,20,3,582.60
13428,11,1,218.47
13429,11,4,1006.80
13430,19,2,679.45
13431,68,2,1269.10
13434,75,2,534.24
13435,6,7,3809.89
13436,2,1,196.89
13437,15,7,3408.06
13439,256,1,283.71
13441,92,1,296.64
13447,24,3,1129.14
13448,17,6,3539.37
13449,24,1,291.88
13450,27,6,2043.72
13451,27,5,2976.15
13452,260,2,590.00
13453,166,2,356.98
13455,25,2,1058.34
13456,18,6,1766.72
13458,8,14,9646.57
13460,30,2,183.44
13461,39,3,1445.00
13462,253,1,151.50
13464,59,1,674.68
13466,185,1,307.90
13467,11,2,1083.71
13468,2,37,5704.97
13470,100,2,165.00
13471,2,4,2531.58
13473,61,2,422.64
13474,237,1,229.59
13475,192,4,1431.78
13476,179,2,1238.47
13477,38,6,1454.58
13479,201,2,300.95
13481,46,5,1804.56
13482,233,1,184.64
13483,66,1,140.34
13484,242,1,313.80
13485,234,1,454.24
13486,79,3,1122.41
13487,58,3,575.40
13488,18,13,8968.31
13489,106,4,449.52
13491,52,10,1215.82
13492,137,3,1269.84
13493,276,2,618.63
13494,312,1,316.26
13495,8,5,2044.87
13496,11,2,653.33
13497,283,2,348.05
13499,18,5,1159.11
13500,24,3,1166.77
13501,289,1,1340.32
13502,17,3,292.00
13503,72,1,216.85
13504,65,1,295.93
13505,73,4,4393.63
13506,317,2,458.52
13507,4,4,2479.16
13508,244,1,110.97
13509,9,7,979.72
13510,2,4,1791.56
13512,261,1,251.21
13513,127,1,205.10
13514,74,1,152.20
13515,73,4,891.12
13516,22,3,1389.41
13517,60,3,2128.42
13518,86,1,659.44
13519,79,1,122.75
13520,59,6,3624.35
13521,2,3,1093.65
13522,31,1,125.80
13523,34,5,3964.88
13524,41,5,680.18
13525,15,2,628.78
13527,34,7,2287.51
13529,79,2,307.76
13531,206,2,483.80
13532,34,1,210.31
13533,183,3,270.79
13534,3,25,5870.08
13536,2,7,3448.29
13538,44,7,1280.85
13539,86,3,631.34
13544,40,2,291.41
13546,13,3,626.99
13548,97,2,682.41
13549,26,7,918.20
13551,320,1,91.80
13552,67,12,3740.07
13555,74,4,4149.28
13557,29,2,584.06
13558,6,4,605.06
13560,8,1,174.37
13561,216,1,141.86
13562,82,3,1799.33
13563,85,2,777.53
13564,145,3,1749.02
13565,20,2,240.22
13566,41,2,874.71
13568,174,1,192.85
13569,18,2,373.75
13570,244,1,239.49
13571,13,12,2092.32
13572,206,1,1384.25
13573,51,2,294.40
13575,24,5,732.07
13576,11,18,6717.34
13577,26,4,1687.60
13579,15,2,467.04
13581,310,1,118.00
13583,156,1,781.03
13584,307,1,142.40
13587,64,1,712.40
13588,16,9,2478.95
13589,15,2,379.65
13590,12,6,1981.92
13591,65,3,1117.13
13592,36,4,247.96
13593,109,5,2037.08
13594,53,1,396.97
13596,6,2,697.04
13598,48,1,180.17
13599,2,21,5153.67
13600,313,1,219.52
13601,46,2,693.32
13602,65,1,428.89
13603,27,1,164.34
13606,30,3,280.54
13607,41,1,678.01
13610,13,7,1131.88
13611,90,3,1171.80
13614,25,4,1610.46
13615,319,1,417.69
13617,41,3,544.18
13618,174,1,177.34
13621,117,1,213.85
13623,31,5,747.78
13626,253,1,257.23
13627,60,5,1638.47
13629,24,11,7792.36
13630,6,7,2031.78
13631,100,11,3070.42
13632,25,5,2121.27
13634,34,5,1575.16
13635,68,1,1071.03
13636,37,5,949.12
13637,53,3,810.50
13638,16,1,122.64
13639,75,1,1033.34
13642,216,1,354.80
13643,32,3,519.44
13644,17,4,2624.26
13645,121,1,252.10
13647,10,4,1678.12
13649,257,2,346.60
13650,17,6,1836.34
13651,36,2,94.20
13652,46,3,1095.08
13654,44,6,2707.33
13655,115,2,932.97
13656,165,2,379.65
13657,11,2,382.14
13658,10,5,2639.17
13659,206,2,1573.20
13662,86,3,897.76
13663,180,1,189.47
13666,61,3,84.65
13667,150,1,305.02
13668,3,21,6363.59
13669,51,2,218.55
13670,76,1,349.70
13672,302,2,186.39
13673,19,2,396.92
13675,152,2,486.82
13678,152,1,232.60
13680,2,4,3722.42
13681,18,4,827.83
13682,188,1,59.50
13684,286,1,67.23
13685,3,7,3119.44
13686,183,1,72.00
13689,64,1,910.00
13690,60,1,172.25
13692,25,3,1488.32
13694,4,50,65039.62
13695,32,15,2504.13
13697,39,1,151.30
13699,156,1,308.58
13700,27,10,2265.12
13703,319,1,99.50
13704,6,9,2308.06
13705,8,3,711.86
13706,303,1,330.79
13707,268,2,806.41
13708,272,1,296.88
13709,4,13,6328.05
13710,32,1,180.48
13711,219,2,252.06
13712,247,1,228.84
13715,282,5,1079.34
13716,270,1,138.28
13717,33,6,1445.01
13718,247,2,306.55
13719,16,5,1041.68
13720,117,4,799.90
13721,37,1,524.14
13722,132,3,2375.41
13723,218,1,199.85
13725,50,8,1980.56
13726,39,2,1079.66
13727,29,2,333.48
13728,37,6,1016.14
13730,136,2,752.60
13731,220,2,610.59
13732,29,1,491.86
13735,25,4,2885.24
13736,6,2,731.90
13737,201,1,339.60
13739,19,1,216.90
13740,241,1,350.75
13741,72,3,668.43
13742,17,12,3131.02
13743,3,7,1341.60
13744,96,2,1156.36
13745,163,1,300.04
13747,374,1,79.60
13748,96,5,948.25
13750,54,5,1647.26
13751,289,1,296.25
13752,125,6,1186.28
13753,288,1,741.26
13754,152,2,282.60
13755,4,9,2161.35
13756,3,14,5189.52
13758,12,7,3190.55
13759,34,2,659.41
13760,55,2,286.79
13761,51,2,1070.65
13762,219,1,306.72
13763,64,1,1714.96
13764,71,3,1521.76
13767,3,37,17220.36
13769,3,10,2796.51
13771,65,4,2634.45
13772,34,3,1132.13
13774,82,1,345.00
13777,1,33,25977.16
13778,104,1,178.70
13780,8,2,360.01
13781,251,1,127.84
13782,13,6,912.00
13784,10,11,2462.79
13786,368,1,230.40
13787,76,2,309.04
13790,5,1,348.80
13791,128,2,1516.00
13792,67,2,195.55
13798,2,57,37153.85
13799,117,2,688.86
13800,310,1,558.32
13801,67,1,324.80
13802,139,3,4599.42
13803,256,1,277.07
13804,31,7,2635.79
13805,53,2,924.60
13806,64,1,256.38
13807,368,1,112.60
13808,6,5,1747.66
13809,306,1,155.05
13810,29,3,1499.01
13811,184,3,814.50
13812,43,3,539.00
13813,40,4,1366.86
13814,93,2,1579.12
13815,23,4,4027.36
13816,24,2,571.67
13817,30,2,382.98
13819,302,3,1140.35
13821,145,2,385.64
13822,6,2,632.00
13823,19,2,957.66
13824,33,5,1698.94
13826,177,1,189.50
13827,58,3,412.05
13828,23,1,209.49
13831,17,6,2202.99
13832,20,1,52.20
13833,160,1,384.80
13835,26,4,834.57
13837,212,2,271.24
13838,6,4,691.73
13841,253,1,85.00
13842,59,9,3385.62
13844,12,1,361.62
13845,65,1,312.98
13846,25,3,865.06
13848,93,3,1255.00
13849,52,2,1537.95
13850,130,1,1595.48
13851,96,3,2651.46
13853,58,1,1090.14
13854,9,25,8109.52
13856,169,3,388.50
13858,58,1,216.17
13859,327,1,201.16
13860,2,5,1245.90
13862,19,8,2209.36
13863,248,1,305.78
13865,59,4,501.56
13866,75,1,145.67
13867,32,3,1015.29
13868,8,2,3192.54
13869,124,4,3104.95
13870,3,8,2770.94
13871,23,13,6403.25
13873,120,3,389.60
13874,359,1,540.45
13875,54,5,1786.79
13876,64,1,122.70
13877,87,1,117.24
13878,55,1,1281.53
13880,22,13,3219.77
13881,4,20,17159.52
13882,3,5,1191.13
13883,11,5,2674.48
13884,8,5,787.60
13885,190,2,506.80
13886,72,1,243.56
13887,205,1,349.55
13888,120,2,605.63
13889,93,1,416.90
13890,2,10,1883.81
13892,27,4,632.97
13893,298,1,821.10
13894,24,3,564.62
13895,29,4,2593.07
13897,51,1,311.16
13898,326,1,155.93
13899,17,2,388.52
13900,184,3,740.95
13901,73,5,2867.20
13904,38,2,332.64
13908,80,4,2369.55
13911,58,9,2580.91
13914,12,2,626.45
13917,50,2,272.04
13918,50,2,1212.84
13919,60,2,384.81
13922,352,1,172.25
13923,54,1,351.13
13924,2,6,1838.85
13925,93,4,678.25
13926,24,1,223.85
13927,75,1,348.99
13928,11,4,464.57
13929,170,2,842.65
13930,58,2,337.34
13931,96,2,1237.53
13932,295,1,307.40
13933,110,2,608.79
13934,264,1,922.10
13936,180,1,376.58
13937,170,1,158.85
13938,36,1,71.66
13939,24,3,568.55
13940,18,4,839.14
13941,22,5,5112.96
13946,80,3,561.57
13947,66,1,90.60
13948,361,1,102.00
13949,3,6,2427.32
13950,12,4,745.06
13951,177,3,674.45
13952,218,2,3251.07
13953,8,7,3515.68
13954,2,2,439.92
13955,155,2,322.96
13956,6,5,1026.42
13959,80,3,598.20
13960,22,2,230.22
13962,22,2,169.55
13963,309,4,664.54
13967,146,1,80.70
13969,8,18,9053.94
13971,19,8,2758.26
13972,71,2,190.25
13973,288,1,264.70
13974,50,1,413.59
13975,32,6,2526.28
13976,207,1,357.98
13978,15,2,196.79
13979,74,1,869.87
13980,61,1,200.14
13982,40,4,1871.81
13983,30,12,2603.43
13984,27,5,920.51
13985,5,15,7060.13
13986,18,1,320.46
13988,20,6,4147.96
13989,66,2,1266.08
13990,214,1,311.30
13991,13,6,855.97
13992,31,1,76.80
13993,43,9,3466.36
13994,4,6,2313.14
13995,16,5,1393.69
13999,11,12,3901.81
14000,212,1,635.66
14001,46,3,2043.08
14002,135,2,529.73
14004,44,7,4582.64
14005,10,5,2874.72
14006,116,3,962.19
14009,199,2,695.61
14012,278,1,328.80
14013,111,3,473.02
14014,78,1,505.18
14015,53,1,917.34
14016,162,4,4341.21
14019,47,3,1421.61
14020,17,2,642.80
14021,156,3,631.90
14022,226,1,440.00
14023,8,2,584.07
14024,122,2,327.70
14027,61,1,104.82
14029,64,2,467.66
14030,19,8,2360.09
14031,8,19,17286.86
14032,3,11,2975.59
14034,23,3,651.82
14035,29,5,1428.02
14036,285,1,626.65
14037,177,2,147.20
14038,79,3,1560.38
14039,34,1,152.20
14040,41,12,3614.92
14041,267,1,141.41
14044,27,4,652.82
14045,110,4,1659.75
14046,285,1,154.99
14047,9,5,1308.61
14048,306,1,409.93
14049,17,4,5681.72
14050,32,2,746.36
14051,1,23,15610.39
14052,20,1,225.36
14053,125,2,260.25
14054,66,1,92.46
14055,107,1,725.64
14056,2,23,8214.65
14057,24,17,6217.96
14059,267,1,183.60
14060,5,19,6140.42
14062,10,12,10464.85
14064,30,5,1353.74
14066,267,1,152.55
14067,64,2,374.70
14068,321,1,265.85
14071,4,8,1438.82
14073,33,1,151.04
14075,5,3,942.26
14076,130,1,122.47
14077,41,5,499.42
14078,102,6,1049.37
14079,125,1,375.10
14080,33,1,45.60
14081,303,2,934.52
14082,365,1,182.25
14083,5,9,1018.43
14085,3,18,4448.54
14087,3,1,194.42
14088,11,13,50491.81
14089,57,1,161.00
14090,325,1,76.32
14092,8,14,4076.91
14093,13,1,442.85
14096,5,17,65164.79
14098,37,1,147.35
14099,17,11,3104.17
14100,138,1,194.90
14101,74,6,5976.79
14102,6,5,1360.28
14104,155,2,216.21
14105,240,1,1266.23
14107,52,7,2703.23
14108,31,2,597.91
14109,73,1,144.20
14110,4,12,5683.15
14111,15,4,692.85
14112,23,7,2915.15
14113,4,4,1840.42
14114,274,2,386.53
14116,20,5,1382.74
14117,144,1,90.00
14121,4,4,2780.15
14124,85,1,419.58
14125,11,3,2740.43
14126,8,3,706.13
14127,123,3,709.71
14128,61,2,637.50
14129,2,5,1123.86
14130,320,1,483.86
14132,3,11,3586.03
14133,130,3,605.64
14135,2,15,4690.31
14138,2,2,982.38
14139,47,1,415.82
14140,4,2,935.05
14141,3,4,915.13
14142,374,1,311.81
14143,134,1,115.80
14145,47,4,3742.20
14146,9,5,4191.00
14147,79,2,483.40
14148,234,1,157.20
14149,221,1,446.62
14150,36,2,658.64
14152,76,2,621.29
14154,240,2,1345.62
14155,267,1,118.75
14156,10,55,117379.63
14157,20,2,432.88
14158,41,1,507.66
14159,20,11,4693.01
14161,216,3,1110.52
14162,174,2,289.36
14163,88,4,2445.91
14164,71,2,1631.77
14165,276,1,122.54
14167,40,4,574.84
14171,99,1,363.79
14173,11,4,450.84
14174,34,1,134.46
14175,60,3,3222.30
14176,298,4,576.90
14177,87,4,559.41
14178,9,7,1620.93
14179,41,2,719.78
14180,11,25,4748.52
14184,67,1,452.89
14185,332,1,197.65
14188,31,6,2054.36
14189,3,15,4654.08
14191,2,13,4684.76
14193,68,2,853.39
14194,5,21,11349.52
14195,202,2,1012.00
14196,107,1,335.52
14198,19,4,701.40
14199,219,1,185.40
14201,61,7,747.44
14204,3,1,161.03
14205,17,2,466.70
14206,240,1,328.16
14208,95,1,151.74
14209,11,6,2073.43
14210,106,6,1905.84
14211,54,9,2241.10
14212,90,1,1070.48
14214,31,5,1004.38
14215,12,6,1789.72
14216,4,4,1839.30
14217,2,17,2004.98
14218,43,1,169.48
14219,5,1,89.94
14220,248,2,632.40
14221,43,9,3432.80
14222,178,1,683.17
14223,93,3,991.13
14224,111,4,1050.12
14226,29,5,2232.19
14227,27,10,3350.96
14229,52,3,1547.20
14231,184,3,925.71
14232,43,5,2048.07
14233,50,4,1462.72
14234,23,4,775.46
14235,76,5,3144.86
14236,81,2,490.86
14237,374,1,161.00
14238,327,1,146.85
14239,44,11,2380.85
14240,31,2,890.34
14241,184,1,213.70
14242,235,2,280.55
14243,9,10,2588.77
14245,220,2,1693.45
14246,111,3,1474.06
14247,279,1,136.77
14248,319,1,302.58
14250,8,3,1904.05
14251,2,5,2879.70
14256,261,2,969.06
14257,65,5,3099.72
14258,10,9,12669.98
14259,142,1,120.00
14261,51,2,1163.45
14262,9,8,2618.23
14264,155,2,333.97
14265,110,2,530.18
14267,163,3,1516.24
14270,332,1,492.65
14271,226,1,112.32
14272,74,2,437.96
14273,52,4,559.97
14276,99,3,1119.74
14277,16,3,4216.20
14280,197,1,134.04
14282,4,15,3729.34
14284,31,2,595.25
14285,22,4,1910.01
14286,24,3,4628.75
14287,9,3,176.63
14288,214,1,426.60
14289,9,6,911.26
14290,12,5,2314.65
14291,2,11,3883.25
14292,8,9,4871.93
14293,4,4,1046.56
14295,41,1,166.20
14297,18,4,1305.33
14298,9,44,51527.30
14299,9,9,3965.62
14300,19,1,43.20
14301,118,1,640.14
14304,223,1,383.45
14305,72,3,1858.96
14306,52,2,2093.32
14307,89,6,2995.72
14309,9,9,2352.53
14311,243,1,310.26
14312,47,6,1611.59
14314,107,1,120.00
14315,45,6,2481.13
14317,65,1,508.58
14320,207,2,477.79
14321,11,5,1530.75
14323,115,2,605.06
14326,243,1,183.85
14327,164,1,311.65
14329,18,7,5014.84
14331,125,2,462.66
14332,23,3,866.31
14333,68,1,415.20
14334,17,8,2552.21
14335,17,2,468.26
14336,17,4,1614.91
14338,162,2,588.22
14339,243,1,309.52
14340,219,1,134.70
14341,46,8,2182.28
14342,22,4,668.56
14344,128,8,889.93
14345,39,1,108.98
14346,121,2,1021.58
14348,261,1,409.57
14349,11,1,133.50
14350,275,1,282.93
14351,165,1,51.00
14352,158,4,1078.96
14353,216,1,90.60
14354,6,2,163.62
14355,366,1,174.40
14356,80,2,701.23
14357,44,1,225.77
14359,20,3,912.18
14360,32,4,2128.23
14362,23,1,161.20
14364,109,8,3717.35
14367,9,16,9261.52
14368,320,1,155.00
14371,296,1,100.50
14373,359,1,76.55
14375,186,1,257.68
14377,192,2,617.05
14379,45,2,348.10
14381,53,1,202.68
14382,27,1,626.07
14383,39,3,1247.69
14385,10,3,202.11
14386,297,1,142.40
14387,33,3,1770.56
14388,11,8,3212.84
14389,66,2,1043.46
14390,11,9,4652.82
14393,219,1,67.95
14395,3,9,3507.71
14396,66,2,487.99
14397,3,19,2612.96
14400,150,1,574.70
14401,5,13,4051.48
14403,131,4,1475.81
14404,34,6,1474.32
14406,120,1,156.75
14407,108,6,2157.73
14408,11,7,2606.53
14409,72,6,2059.45
14410,93,9,1105.07
14411,311,1,1063.00
14412,43,2,770.03
14413,363,1,122.70
14414,92,7,1496.98
14415,2,13,5900.28
14416,23,2,490.22
14418,4,3,1937.25
14419,11,6,1058.06
14420,100,1,387.52
14421,58,2,813.11
14422,1,6,4263.64
14423,219,1,265.20
14424,18,1,322.08
14426,24,10,4481.67
14427,51,2,363.34
14428,8,5,1244.83
14431,303,1,470.36
14432,10,6,2255.51
14434,22,6,1372.80
14436,99,1,89.06
14437,366,1,63.00
14438,307,1,131.90
14439,320,1,2661.24
14440,9,5,2357.68
14441,1,4,1712.89
14442,205,2,1589.82
14443,54,4,1420.20
14446,1,4,1039.58
14447,19,5,1163.23
14448,10,2,375.35
14449,19,4,907.10
14450,181,3,483.25
14451,61,2,662.59
14452,11,2,264.44
14453,191,1,119.93
14456,6,9,3062.40
14457,311,1,113.64
14459,156,1,1837.92
14460,111,3,434.34
14461,149,3,2103.06
14462,67,11,2004.02
14463,99,3,529.62
14465,247,3,1058.62
14466,30,7,2272.40
14467,18,4,598.76
14470,12,2,461.19
14472,104,8,1936.84
14473,75,2,234.34
14474,47,1,547.66
14475,72,3,925.85
14476,258,1,215.70
14477,20,4,1309.60
14479,254,2,316.25
14480,12,1,279.05
14481,165,2,636.51
14482,19,6,2068.15
14483,282,1,137.10
14484,51,1,321.92
14485,39,1,165.75
14487,27,6,1196.33
14488,68,1,1064.28
14489,208,1,463.38
14491,176,2,340.93
14493,8,5,2383.24
14494,26,1,139.56
14495,51,2,123.80
14496,312,2,538.81
14497,310,1,475.37
14498,43,5,1957.32
14499,27,3,815.32
14500,89,3,356.85
14501,184,2,251.21
14502,20,11,2470.67
14503,4,6,3543.26
14504,48,4,673.26
14505,18,8,5905.64
14506,18,5,2012.17
14507,24,6,1383.18
14508,23,2,276.42
14511,12,5,1314.81
14512,188,2,275.28
14513,101,3,455.59
14514,62,3,1055.35
14515,18,6,2102.09
14517,34,2,330.45
14518,65,1,174.37
14520,2,2,270.60
14522,25,4,974.54
14523,109,1,241.09
14524,32,9,1867.68
14525,20,9,4332.20
14527,3,55,8508.82
14528,38,1,364.22
14529,61,3,620.04
14530,26,6,2925.91
14532,237,4,932.85
14533,25,7,1949.72
14534,3,18,4447.05
14535,61,3,2864.19
14536,260,1,171.80
14537,58,1,355.56
14538,65,2,388.25
14539,16,2,537.48
14540,10,3,996.26
14541,59,8,1461.65
14542,186,1,103.25
14543,29,16,3630.33
14544,25,2,2024.45
14546,6,5,2578.09
14547,4,8,4007.54
14548,151,2,652.80
14549,312,1,289.24
14550,11,2,765.62
14551,19,2,186.23
14552,152,1,165.07
14553,20,5,859.27
14554,11,4,2381.04
14555,58,2,324.14
14557,86,1,788.38
14560,8,22,2237.77
14561,76,3,1080.76
14562,4,18,5074.77
14565,96,4,3099.12
14566,111,1,1432.00
14567,57,2,1530.36
14569,2,1,227.39
14570,281,2,218.06
14572,4,7,2832.84
14573,180,9,1653.42
14576,373,1,35.40
14577,13,4,859.71
14578,4,1,168.63
14581,17,1,138.60
14582,41,1,114.11
14583,6,5,1052.55
14584,170,4,1042.26
14585,51,1,157.05
14586,277,1,237.36
14587,19,9,1601.14
14589,372,1,39.75
14591,16,4,1447.14
14592,36,3,570.46
14593,22,3,617.99
14594,8,2,379.83
14595,20,6,1740.60
14597,12,2,883.15
14598,45,1,221.97
14600,306,1,393.33
14601,11,1,213.96
14603,275,1,660.00
14606,2,93,12156.65
14607,16,14,16569.50
14608,5,4,1785.15
14609,73,4,601.56
14616,243,3,406.08
14618,10,3,553.44
14619,246,1,394.44
14620,206,2,412.78
14621,2,5,1788.36
14622,185,1,320.58
14623,33,5,889.25
14624,58,2,225.85
14625,197,2,899.63
14626,24,4,2791.27
14628,92,2,671.96
14629,5,2,959.01
14631,51,3,1006.98
14632,263,1,114.56
14633,267,1,344.90
14636,37,2,609.85
14638,51,1,443.60
14639,53,6,2984.49
14640,25,6,2125.08
14641,22,1,110.46
14642,59,1,96.12
14643,171,2,693.81
14644,68,2,830.76
14645,157,2,597.09
14646,2,73,280206.02
14647,202,1,243.22
14649,5,4,1417.29
14651,68,2,654.60
14652,78,1,114.18
14653,2,7,1947.55
14655,9,4,1932.23
14656,170,2,291.05
14657,18,4,848.22
14658,6,2,247.15
14659,9,9,2529.93
14660,87,2,285.74
14661,27,1,107.95
14662,29,4,771.17
14664,20,2,637.89
14665,61,5,1835.70
14666,25,1,195.25
14667,11,25,9241.20
14669,242,3,1269.99
14670,281,2,411.53
14672,235,2,765.55
14673,4,5,1736.40
14675,17,1,604.75
14676,32,6,2548.24
14680,26,16,28754.11
14681,72,3,498.95
14682,188,2,52.00
14684,26,5,1236.28
14687,107,1,628.38
14688,8,21,5630.87
14689,209,1,112.80
14690,45,2,371.70
14691,31,5,2114.33
14692,138,4,591.55
14693,265,1,172.90
14696,5,7,2078.95
14697,219,2,188.61
14698,2,5,1250.76
14699,215,1,109.13
14700,33,3,2235.30
14701,11,9,2549.37
14702,2,17,3292.14
14703,15,1,318.17
14704,12,9,1546.91
14705,199,1,179.00
14708,3,3,1126.37
14709,16,13,4921.04
14710,15,4,606.13
14711,11,11,2868.80
14712,30,3,917.07
14713,10,11,2666.36
14714,25,1,160.19
14715,25,4,867.38
14716,44,2,329.68
14719,2,5,1602.13
14720,6,3,663.81
14722,148,1,187.92
14723,11,6,1158.30
14725,25,1,718.08
14727,275,1,268.58
14729,374,1,313.49
14730,2,8,2005.06
14731,48,3,380.02
14732,9,8,2702.49
14733,17,12,9585.91
14735,4,32,6065.69
14737,4,3,1164.55
14738,43,7,1314.45
14739,5,7,3902.28
14740,198,3,1448.21
14741,12,6,1400.34
14744,17,7,1099.98
14745,113,5,1220.26
14747,250,1,328.20
14748,30,5,1415.75
14752,44,1,389.64
14753,88,1,563.15
14754,45,2,638.05
14755,10,11,5010.28
14756,16,1,738.96
14757,76,1,420.50
14758,145,4,1484.06
14759,5,3,1625.97
14760,298,1,89.20
14761,59,2,255.90
14762,264,1,300.52
14764,47,1,278.30
14765,30,3,254.11
14766,9,6,2473.37
14768,18,2,192.60
14769,3,8,10674.75
14770,233,2,876.42
14772,113,1,139.26
14775,59,3,1011.90
14776,52,11,2538.30
14778,128,2,730.86
14779,281,3,386.15
14780,55,2,447.68
14782,320,1,200.10
14784,27,2,289.99
14785,11,2,77.40
14788,8,2,679.44
14789,29,1,197.64
14790,17,4,745.06
14792,64,1,6.20
14793,22,1,228.99
14794,3,7,1319.91
14795,167,1,131.45
14796,2,17,8022.49
14798,53,3,173.74
14799,52,1,157.70
14800,48,12,4339.74
14801,62,1,193.14
14803,163,3,845.55
14804,9,1,353.27
14805,16,4,554.65
14806,76,1,193.39
14808,40,8,2741.17
14810,41,11,2087.88
14813,370,2,155.43
14815,37,2,778.50
14816,198,1,271.85
14817,201,2,1110.34
14818,74,3,657.80
14819,65,2,272.07
14820,22,4,507.29
14821,367,1,48.80
14823,181,3,321.43
14824,11,4,1127.71
14825,4,12,2226.91
14828,197,3,2139.76
14829,30,4,697.55
14830,54,1,197.13
14834,18,6,1720.30
14836,11,3,102.45
14837,90,4,1649.50
14840,268,1,62.85
14841,54,6,3295.76
14842,44,4,2824.69
14844,64,4,3189.81
14847,149,1,309.40
14849,22,25,7930.54
14850,312,1,325.75
14851,24,2,511.35
14852,59,6,2836.69
14853,25,2,475.80
14854,79,7,2759.83
14855,120,2,645.65
14856,37,3,1311.38
14857,60,2,1173.12
14859,13,4,1353.74
14860,20,1,170.32
14861,53,1,125.79
14862,26,2,841.20
14863,30,1,266.76
14865,8,2,52.20
14866,11,12,14389.90
14867,186,3,710.28
14868,4,8,2953.59
14869,9,2,725.70
14870,262,1,327.25
14871,4,4,522.38
14873,211,1,519.68
14875,108,2,1465.32
14878,13,9,1485.54
14880,78,3,706.19
14881,20,1,255.40
14882,27,2,589.70
14883,19,6,761.59
14885,132,1,765.32
14886,253,1,364.80
14887,80,1,1862.00
14888,208,1,369.20
14889,337,1,135.90
14890,254,1,125.65
14891,149,2,554.38
14893,10,2,1237.85
14894,86,1,655.75
14895,8,20,11138.71
14896,205,2,468.77
14897,8,4,1366.38
14898,24,6,1303.52
14901,12,9,1421.29
14902,26,1,332.66
14903,22,5,2810.63
14904,3,2,1025.44
14905,158,2,616.15
14907,4,7,3501.10
14908,75,1,277.80
14910,3,4,434.35
14911,2,201,143825.06
14912,17,2,867.85
14913,36,4,1227.43
14915,92,2,307.48
14916,71,4,1268.98
14918,116,2,1610.15
14920,213,2,977.77
14921,31,2,1316.07
14923,51,1,749.10
14924,246,1,310.05
14929,33,1,223.88
14930,109,3,2372.86
14931,5,5,1257.68
14932,366,1,363.53
14934,82,2,1890.94
14935,298,1,1784.71
14936,34,8,8137.02
14937,57,3,1621.88
14944,30,12,5900.25
14946,15,1,100.90
14947,73,2,290.82
14948,24,6,1101.97
14950,20,1,371.20
14951,80,1,311.69
14952,60,11,8099.49
14953,26,1,289.82
14954,13,1,336.17
14957,254,1,58.49
14958,148,3,499.68
14959,65,4,695.42
14960,9,2,221.27
14961,11,9,7044.68
14962,271,1,126.70
14963,10,5,1487.80
14964,248,1,206.21
14965,97,2,599.00
14966,15,1,191.32
14967,50,1,463.80
14968,31,1,147.59
14970,69,4,1592.06
14971,36,3,1116.57
14972,129,1,114.77
14973,108,3,1314.45
14974,38,1,114.39
14975,58,1,279.94
14976,58,7,790.86
14978,73,5,1931.42
14981,247,1,102.12
14984,20,2,213.27
14985,199,2,296.75
14987,16,2,326.40
14988,212,1,334.54
14995,39,2,233.23
14997,47,3,546.20
14998,171,2,429.87
15000,48,1,490.52
15002,116,4,1641.76
15004,148,1,1246.32
15005,16,28,6316.57
15006,52,1,502.09
15007,160,1,156.91
15009,13,3,1261.78
15010,36,1,308.94
15012,54,2,423.04
15014,44,2,260.17
15016,173,1,170.04
15017,34,1,125.58
15018,39,3,496.21
15019,267,1,266.00
15021,9,9,1914.82
15022,12,4,905.04
15023,4,11,6802.76
15024,10,10,1661.33
15025,34,1,377.01
15026,81,3,469.00
15027,31,4,1066.15
15028,9,4,627.13
15030,72,2,518.28
15031,5,4,668.14
15032,257,3,4959.10
15033,5,10,2586.67
15034,16,8,4308.61
15035,90,1,252.73
15036,73,3,465.55
15038,59,6,705.49
15039,10,47,19914.44
15041,171,1,180.35
15042,200,1,135.93
15043,32,1,537.00
15044,20,17,7700.23
15045,152,2,735.66
15046,10,15,5213.77
15047,270,1,343.62
15048,66,4,384.05
15049,274,1,121.17
15050,26,3,1782.09
15051,24,3,1391.61
15052,320,1,215.78
15053,5,3,697.79
15054,13,2,302.10
15057,276,2,1489.50
15058,26,11,2124.99
15059,41,9,1337.72
15060,9,4,303.09
15061,4,48,54534.14
15062,72,4,987.86
15063,214,1,370.80
15065,38,4,3158.13
15066,54,1,893.59
15067,79,3,1744.76
15068,47,2,553.36
15069,180,1,1109.53
15070,373,1,106.20
15071,94,2,982.07
15073,10,3,1043.41
15074,106,1,748.87
15075,78,1,773.03
15076,173,1,880.85
15078,8,32,9743.11
15079,213,4,895.61
15081,23,5,504.80
15083,257,1,88.20
15087,282,1,306.94
15088,22,2,1160.07
15089,11,6,2420.84
15090,309,1,381.32
15091,68,1,480.71
15092,216,2,457.81
15093,19,6,4597.02
15095,104,4,1370.60
15096,43,1,219.39
15097,5,1,248.08
15098,183,3,39916.50
15099,85,1,410.48
15100,334,3,876.00
15101,9,2,317.53
15103,32,2,703.36
15104,197,2,1027.44
15105,19,7,2298.93
15106,18,5,1422.52
15107,312,6,319.50
15108,142,4,1300.25
15109,246,1,484.95
15110,24,4,996.10
15111,30,3,1567.48
15113,10,3,3609.33
15114,31,10,2760.56
15115,19,1,340.11
15116,18,4,1352.75
15117,15,5,1551.78
15118,135,1,244.80
15119,246,1,266.40
15120,134,1,358.82
15121,51,2,457.72
15122,115,3,1633.78
15123,8,2,2199.31
15124,23,2,184.19
15125,26,15,11528.48
15127,66,1,406.53
15128,61,4,1471.00
15129,51,11,3447.40
15130,170,1,330.11
15132,19,5,977.93
15133,128,3,982.42
15134,15,8,1387.99
15135,240,1,139.05
15136,3,4,1286.70
15139,240,2,178.96
15140,53,7,2354.25
15142,47,1,498.74
15143,226,1,259.45
15144,9,17,6580.44
15145,5,4,1194.73
15146,165,2,1327.16
15147,241,1,623.50
15148,11,1,301.29
15149,134,1,520.80
15150,18,10,5314.47
15152,10,13,4745.69
15153,32,1,329.25
15154,76,1,296.42
15156,2,3,961.49
15157,4,3,1936.07
15158,46,1,401.40
15159,2,30,18641.01
15160,358,1,158.16
15163,19,2,304.47
15164,69,3,843.05
15165,374,1,487.75
15167,321,1,163.00
15168,26,1,106.56
15171,332,1,1289.50
15172,9,5,1624.05
15174,323,1,135.75
15175,72,1,224.14
15178,261,1,40.50
15179,19,5,2206.95
15180,368,1,87.50
15181,67,3,689.48
15182,155,2,622.85
15184,30,2,406.76
15185,71,1,310.62
15186,15,2,411.41
15187,2,16,4777.18
15189,2,41,16225.39
15192,120,3,1044.32
15193,61,1,499.32
15194,4,15,7616.53
15195,3,1,3861.00
15197,11,3,1079.61
15198,93,2,193.64
15199,60,4,1268.70
15201,88,5,1236.54
15203,26,6,1827.80
15204,358,1,316.58
15205,86,2,653.24
15206,11,4,420.30
15208,2,5,870.12
15210,226,1,331.18
15211,61,2,894.41
15212,242,1,101.80
15213,319,2,328.35
15214,2,8,1661.44
15215,47,3,734.94
15216,88,1,96.60
15218,11,11,5756.89
15219,177,1,305.75
15220,52,6,1778.96
15221,367,1,403.25
15222,319,1,585.00
15223,226,2,755.75
15224,359,2,322.08
15225,235,1,409.40
15226,311,1,154.41
15227,37,5,1219.40
15228,67,4,3386.71
15230,240,2,429.60
15232,114,2,612.06
15234,277,1,197.00
15235,218,12,2247.51
15236,299,1,321.05
15237,2,4,1412.32
15238,30,3,1071.99
15239,11,2,780.59
15240,45,5,1706.57
15241,67,8,1756.44
15243,75,1,316.68
15244,66,2,631.57
15245,135,3,2515.84
15246,239,2,514.15
15247,123,1,356.00
15249,32,13,6688.46
15251,10,11,10484.99
15252,37,2,740.78
15253,17,5,918.20
15254,128,1,300.36
15255,67,1,890.85
15256,149,1,98.45
15257,284,1,317.15
15258,169,2,623.16
15260,101,7,1810.77
15261,136,1,254.82
15262,324,1,178.95
15263,107,1,156.51
15264,65,1,393.74
15265,152,2,1506.12
15266,339,1,119.30
15267,23,5,1717.36
15269,24,1,408.80
15270,16,7,2379.49
15271,8,15,2507.07
15272,58,2,721.94
15274,5,2,716.57
15275,38,1,615.14
15276,67,1,135.31
15277,47,1,255.90
15279,355,1,290.51
15280,173,1,113.12
15281,59,9,2332.15
15286,50,1,240.55
15287,23,2,486.69
15288,44,5,2306.52
15289,30,3,939.78
15290,5,18,7943.22
15291,26,15,4668.30
15292,202,1,180.94
15296,51,6,3672.86
15297,11,3,641.94
15298,3,12,4799.90
15299,68,7,4507.01
15300,65,1,496.44
15301,51,12,5070.35
15303,291,1,574.02
15304,61,8,694.40
15306,65,3,1174.35
15307,96,1,205.30
15308,275,1,310.47
15311,1,91,60767.90
15312,76,4,924.85
15313,111,1,52.00
15314,200,1,327.97
15315,65,2,570.50
15316,327,1,165.00
15318,4,1,312.62
15319,284,1,204.50
15320,45,1,267.13
15321,71,3,2748.31
15322,86,1,679.68
15325,104,1,162.29
15326,334,1,311.71
15327,53,1,208.75
15329,40,3,1049.70
15330,33,2,714.96
15332,367,4,1661.06
15333,209,1,1028.56
15334,157,3,351.67
15335,54,1,173.97
15339,67,2,574.07
15341,81,1,2020.52
15342,130,1,406.09
15343,88,1,364.50
15344,1,3,563.94
15345,46,1,393.54
15346,333,1,252.42
15347,367,1,201.60
15348,73,1,158.04
15349,159,2,473.81
15350,374,1,115.65
15351,13,7,1960.11
15353,255,2,777.02
15355,30,2,277.05
15356,32,10,2766.50
15358,5,22,8347.20
15360,40,1,427.93
15361,362,1,418.92
15363,373,1,326.00
15364,96,2,913.19
15365,26,7,2314.32
15366,76,2,602.51
15367,58,4,1877.59
15368,22,1,446.94
15370,41,7,2386.05
15372,138,1,2007.40
15373,9,12,2415.91
15374,129,1,168.00
15376,41,3,1233.36
15379,170,7,3703.29
15380,9,5,1690.26
15381,214,2,596.85
15382,15,6,5955.71
15384,170,2,642.41
15385,41,1,316.88
15386,187,1,394.14
15388,271,1,140.54
15389,173,1,500.00
15392,5,4,1535.53
15393,17,2,231.86
15394,10,4,2183.54
15395,326,1,107.45
15396,113,1,288.18
15397,290,1,94.00
15398,17,2,1345.53
15399,2,3,815.77
15400,93,5,716.20
15402,149,2,626.77
15405,190,1,349.10
15406,32,2,510.71
15407,34,4,1056.44
15408,265,1,267.18
15410,85,8,3450.84
15411,27,4,1358.88
15412,172,1,190.53
15414,10,3,774.90
15415,314,1,572.81
15416,65,4,3984.32
15417,86,1,508.80
15419,25,1,135.86
15421,59,4,950.36
15422,324,2,97.70
15423,39,1,43.50
15424,255,2,383.34
15426,20,5,1447.39
15427,34,3,1483.14
15428,16,1,93.78
15429,27,2,397.35
15432,24,1,171.19
15433,214,2,533.30
15434,9,5,1041.48
15435,23,1,149.29
15436,13,3,1122.53
15437,263,1,200.16
15438,132,1,156.58
15440,55,3,383.68
15442,249,1,594.00
15443,2,7,3236.91
15444,10,2,1418.26
15445,265,1,113.50
15447,331,1,155.17
15448,313,1,494.64
15449,27,3,974.52
15450,31,1,429.84
15452,30,3,538.73
15453,2,7,1388.37
15454,363,1,179.10
15456,284,3,447.22
15457,263,1,237.07
15458,26,1,161.64
15460,355,1,216.76
15462,95,3,234.60
15463,30,1,126.14
15464,339,1,1048.85
15465,20,18,7354.62
15466,86,1,334.53
15467,10,3,524.88
15468,52,2,467.51
15469,51,2,538.55
15471,3,1,469.48
15472,114,1,371.56
15473,15,7,1771.20
15475,78,1,454.11
15478,41,2,1441.42
15480,117,1,905.50
15482,16,12,11054.96
15483,162,4,233.81
15484,2,4,3594.31
15485,31,3,2575.00
15488,93,1,91.32
15489,23,3,1134.28
15491,96,6,3100.09
15492,29,2,659.46
15493,33,5,2001.80
15494,22,2,1299.23
15497,18,2,1262.20
15498,3,27,13316.40
15500,9,4,1131.56
15502,16,12,10384.93
15503,363,1,147.09
15504,82,1,52.83
15505,53,5,3610.96
15506,23,3,979.26
15507,172,1,492.36
15508,190,6,1000.27
15510,331,1,250.00
15511,12,5,909.23
15512,156,2,121.00
15513,34,19,14758.22
15514,13,11,4139.46
15516,45,3,62.43
15517,234,1,267.03
15518,65,8,1942.45
15520,2,1,343.50
15521,41,8,3000.20
15522,33,2,398.84
15523,85,1,412.01
15524,25,1,440.00
15525,3,3,825.92
15526,34,2,148.44
15527,19,8,2429.78
15528,255,1,229.33
15529,23,11,3995.23
15530,22,4,1502.35
15531,9,2,2007.44
15532,26,4,1580.93
15533,20,3,807.57
15535,174,4,536.40
15537,164,1,110.92
15539,8,1,538.46
15540,12,1,213.30
15541,115,1,85.13
15543,289,1,127.86
15544,10,9,3546.71
15545,55,2,292.72
15547,8,14,4954.84
15549,78,3,1693.26
15550,5,4,575.63
15551,37,1,436.06
15552,218,1,90.12
15553,61,1,437.23
15554,278,1,217.20
15555,13,16,4805.17
15556,25,1,279.77
15557,29,1,473.65
15561,12,4,800.59
15562,352,1,134.55
15563,23,4,1400.44
15565,51,2,173.16
15567,19,1,186.01
15568,3,3,758.29
15569,104,5,1375.71
15570,8,12,4165.52
15571,12,4,650.43
15572,5,7,2552.86
15573,32,2,607.45
15574,178,4,702.25
15576,38,1,940.67
15577,152,3,258.88
15578,163,1,127.10
15579,69,2,348.60
15581,121,13,3679.97
15582,25,3,682.91
15584,24,4,725.11
15585,177,1,455.30
15587,51,4,913.68
15589,256,3,478.53
15592,47,1,388.58
15593,71,1,199.80
15594,16,5,1771.78
15596,101,5,1406.59
15597,36,1,324.57
15598,54,1,240.68
15599,27,2,761.74
15601,12,14,6776.56
15602,9,9,1297.87
15603,79,1,48.48
15604,53,1,216.39
15605,37,5,1198.23
15606,62,9,2920.16
15607,337,1,104.76
15608,29,4,1093.68
15609,185,1,298.48
15610,52,1,112.46
15611,10,13,1591.45
15612,37,2,195.15
15615,11,23,10399.74
15618,33,4,776.85
15619,11,1,336.40
15620,57,3,1553.18
15621,5,4,1293.03
15622,44,9,3709.56
15623,142,1,301.03
15624,117,4,588.13
15625,104,4,1534.26
15626,75,2,675.80
15628,5,9,2870.24
15630,46,2,1186.35
15632,16,8,3285.31
15634,18,1,243.55
15636,90,2,724.76
15637,53,1,223.36
15639,135,1,425.32
15640,5,15,12515.66
15641,106,4,1887.20
15643,192,3,664.00
15644,167,4,813.00
15645,19,1,612.01
15646,158,3,447.64
15648,205,2,657.35
15649,337,2,816.00
15651,37,3,646.30
15652,92,1,337.74
15653,93,2,877.44
15654,10,2,922.53
15655,244,1,560.67
15656,46,4,748.50
15657,23,1,30.00
15658,191,5,1024.10
15659,44,1,306.45
15660,26,9,1600.86
15661,318,2,309.80
15663,107,1,138.14
15664,51,1,386.43
15665,169,2,2242.01
15667,40,1,301.32
15668,218,1,76.32
15669,41,4,684.34
15670,297,1,173.05
15671,19,7,2657.13
15673,89,4,2881.02
15674,74,5,2446.60
15675,82,3,323.69
15676,19,3,3435.76
15677,50,1,657.23
15678,53,1,352.70
15679,25,4,781.28
15680,10,3,1333.68
15681,26,5,1426.16
15683,118,1,193.75
15687,9,9,2993.10
15689,120,2,254.10
15690,5,2,239.76
15691,253,1,136.80
15692,29,1,191.04
15694,1,14,6479.40
15695,267,2,409.98
15696,34,8,2736.46
15699,18,1,309.65
15700,173,2,696.68
15701,3,4,1542.14
15703,265,1,211.50
15704,141,4,2293.62
15705,202,1,143.10
15706,64,4,1060.56
15707,36,4,945.58
15708,41,7,3364.24
15709,284,1,133.25
15712,10,5,1072.36
15713,144,2,356.70
15714,12,2,330.88
15716,146,4,1118.81
15717,235,1,150.30
15719,33,13,5045.61
15720,25,1,598.73
15721,12,1,507.08
15722,36,5,2222.56
15723,365,1,203.10
15724,202,2,218.25
15725,16,1,415.25
15727,17,7,5178.96
15729,213,1,85.00
15730,66,3,1120.88
15732,213,2,294.12
15733,283,1,162.30
15734,115,2,1339.45
15737,15,8,1205.12
15738,19,16,4812.42
15739,67,1,449.12
15740,50,1,154.88
15743,17,4,784.46
15744,78,1,34.80
15745,20,4,1094.59
15746,135,1,196.88
15747,13,3,974.04
15748,41,1,149.31
15749,236,3,44534.30
15750,3,8,2465.48
15752,40,7,2637.38
15753,305,1,79.20
15754,52,3,458.57
15755,11,6,2364.25
15756,62,4,532.96
15757,66,2,714.42
15758,25,1,205.25
15759,219,3,253.04
15762,66,2,583.75
15763,32,2,1086.92
15764,89,6,3279.97
15766,65,1,315.06
15768,116,3,621.83
15769,8,26,56252.72
15773,6,1,635.68
15774,69,1,270.80
15775,246,1,104.90
15776,134,1,241.62
15777,242,4,1047.11
15780,184,3,475.28
15781,26,3,345.46
15782,10,3,2614.74
15783,11,1,246.30
15785,33,5,2328.97
15786,47,3,4932.20
15787,27,3,948.05
15789,359,1,351.30
15790,11,1,220.85
15791,44,2,1612.69
15793,15,3,965.61
15795,150,1,610.01
15796,2,8,2711.56
15797,114,4,2207.40
15799,76,3,884.14
15800,108,2,699.08
15801,47,3,1063.95
15802,143,1,451.42
15803,52,1,415.82
15804,1,13,4206.39
15805,24,17,5528.48
15806,47,3,784.58
15807,51,3,903.90
15808,307,4,3734.97
15809,37,5,515.77
15810,79,4,1391.98
15811,23,6,2218.62
15812,108,5,1801.14
15813,208,2,1303.91
15814,17,4,1945.33
15815,64,5,2100.60
15819,50,4,1905.45
15820,320,1,206.98
15821,45,2,570.96
15822,4,2,885.47
15823,373,1,15.00
15825,173,1,532.94
15826,57,3,1654.31
15827,74,14,1836.09
15829,100,2,636.14
15830,38,1,576.00
15831,59,3,801.76
15832,255,1,836.79
15834,71,4,2233.75
15835,45,4,954.09
15836,51,1,137.37
15837,65,1,391.98
15838,12,19,33643.08
15839,34,3,1048.49
15840,59,2,355.56
15841,73,4,1224.06
15843,304,1,118.95
15844,47,1,130.74
15845,18,8,3711.77
15847,39,2,389.27
15850,20,2,238.85
15852,187,2,160.71
15853,52,1,110.80
15854,5,12,2974.65
15855,137,5,712.24
15856,5,27,16387.57
15857,19,1,297.00
15858,16,5,1438.85
15860,41,8,977.21
15861,13,8,3165.36
15862,9,4,832.88
15863,26,2,68.84
15864,23,6,1936.32
15865,41,3,895.13
15866,102,1,230.53
15867,6,15,3812.64
15869,278,2,149.64
15870,33,1,354.09
15872,15,2,360.93
15874,64,7,4405.88
15877,2,2,493.28
15880,370,1,343.28
15881,313,5,501.39
15882,199,4,516.36
15883,3,2,396.48
15885,93,3,379.35
15886,61,1,181.09
15888,81,1,168.31
15889,157,2,446.87
15891,227,1,524.52
15894,254,2,263.55
15895,150,1,179.17
15897,195,2,222.05
15898,2,5,1388.88
15899,369,1,56.25
15900,24,1,351.11
15901,17,3,363.88
15903,10,7,5126.76
15904,9,1,164.68
15906,20,7,1567.69
15907,4,3,967.45
15909,174,1,191.94
15910,1,8,1232.18
15912,179,2,264.62
15916,17,8,1528.09
15917,248,1,123.10
15918,191,2,334.23
15919,20,2,639.89
15920,155,4,167.50
15921,173,1,336.03
15922,374,1,369.50
15923,373,1,127.08
15925,195,1,207.15
15930,68,1,426.63
15932,5,8,2495.87
15933,22,3,1107.46
15935,240,2,416.86
15937,65,1,145.35
15938,113,5,404.58
15939,90,15,6115.01
15940,312,1,35.80
15942,134,1,337.44
15944,277,1,325.10
15945,366,1,181.00
15947,83,1,1708.24
15948,9,2,955.24
15949,17,2,364.72
15950,32,4,1765.51
15951,9,2,708.22
15952,34,4,806.57
15953,16,8,1659.38
15955,25,14,4416.26
15957,32,1,428.89
15958,75,1,104.35
15963,20,2,470.76
15965,18,4,845.64
15967,24,2,418.83
15969,3,3,666.10
15970,304,1,314.10
15971,18,12,4199.85
15973,367,1,307.82
15974,40,7,3442.15
15975,85,1,371.01
15976,166,2,430.94
15977,18,2,1054.73
15978,78,1,1098.78
15980,89,3,2398.86
15981,25,8,3408.48
15983,23,4,1475.02
15984,3,10,2837.67
15985,124,2,1142.42
15986,31,1,168.12
15987,13,7,1451.28
15988,20,1,158.03
15990,45,2,792.11
15992,4,1,41.99
15993,9,7,2797.57
15994,55,1,427.07
15996,89,6,1060.68
15998,37,5,3089.97
16000,3,3,12393.70
16003,30,5,2735.37
16005,13,4,615.39
16006,212,1,101.40
16007,48,4,1701.94
16008,24,3,478.78
16009,23,4,992.71
16010,246,3,407.50
16011,9,16,3362.71
16012,36,3,1415.29
16013,4,47,37130.60
16014,38,3,662.38
16015,4,3,705.39
16016,4,8,1508.76
16017,48,1,211.88
16018,40,2,408.90
16019,47,9,3786.24
16020,17,3,851.01
16022,261,1,628.28
16023,47,3,719.81
16024,13,1,251.24
16025,30,1,439.66
16026,44,1,236.09
16027,92,6,934.62
16029,39,63,81024.84
16030,310,1,331.24
16031,93,2,548.94
16033,6,20,8816.40
16034,197,3,437.70
16036,88,2,758.92
16037,270,3,855.02
16038,8,3,471.78
16040,66,3,1313.55
16041,31,3,3166.40
16042,23,5,1197.27
16043,38,4,773.99
16045,120,4,1340.70
16048,374,2,256.44
16049,41,3,1111.79
16050,174,1,137.90
16052,55,1,362.06
16053,33,2,1511.95
16054,146,1,783.90
16055,221,1,134.80
16056,46,1,664.85
16057,17,7,2263.12
16059,66,6,1459.86
16062,10,4,1153.62
16063,261,1,335.32
16065,366,1,372.09
16066,17,5,1521.87
16070,23,2,852.15
16071,45,1,326.24
16072,289,1,584.32
16073,298,1,122.40
16076,4,10,2234.73
16078,284,1,79.20
16079,17,3,1352.00
16080,82,2,217.16
16081,57,5,2806.90
16083,101,2,1317.62
16084,300,1,436.18
16085,24,5,981.51
16086,60,5,1121.39
16091,155,2,315.06
16092,115,3,817.86
16093,107,1,17.00
16094,12,4,1078.23
16096,265,1,320.62
16097,241,1,185.05
16098,88,7,2005.63
16099,51,3,731.90
16101,71,1,1290.70
16102,43,3,1842.14
16103,8,6,1429.64
16104,62,1,302.36
16105,249,1,336.96
16106,66,1,108.38
16107,18,7,3204.16
16108,85,1,842.50
16109,219,2,611.88
16110,46,3,1337.48
16112,144,4,195.74
16113,184,1,161.38
16114,171,1,135.75
16115,10,8,1667.97
16116,212,1,612.78
16117,190,1,232.21
16119,9,2,423.36
16120,60,4,1309.14
16121,58,2,867.11
16122,74,4,684.42
16123,52,1,307.78
16124,318,1,249.00
16125,368,1,289.35
16126,30,4,6287.77
16127,40,1,656.25
16128,18,5,1880.22
16131,52,6,3506.54
16133,4,33,14589.04
16134,22,2,618.09
16135,263,1,517.55
16136,60,3,709.38
16139,19,3,635.41
16140,66,2,725.18
16141,89,1,620.40
16142,250,1,535.34
16143,4,6,2424.94
16144,247,1,175.20
16145,9,11,3799.49
16146,158,3,734.13
16147,134,1,375.00
16148,297,1,76.32
16149,5,2,280.52
16150,43,5,2053.02
16152,269,1,1829.04
16153,50,5,1824.23
16156,9,9,3122.04
16157,16,3,656.69
16159,282,1,348.20
16160,66,2,1025.44
16161,2,19,5575.56
16162,253,1,37.40
16163,233,2,856.60
16164,18,3,822.48
16168,11,27,3787.60
16169,9,4,1822.97
16170,51,6,1885.05
16171,60,1,73.20
16172,96,5,1140.21
16173,16,6,1418.32
16174,127,3,1009.55
16175,95,4,1037.59
16177,51,1,331.95
16178,139,1,197.90
16179,61,1,215.83
16180,101,8,10254.18
16181,74,1,305.54
16182,73,4,6617.65
16183,68,1,338.71
16184,65,6,1158.79
16185,17,2,529.41
16186,23,12,4006.94
16187,32,15,6911.44
16188,45,4,981.86
16189,16,2,215.48
16190,41,1,215.08
16191,3,13,5180.52
16193,237,1,314.45
16198,76,1,400.68
16200,5,2,1080.62
16201,4,4,1863.47
16202,361,1,365.27
16203,59,4,592.90
16204,24,1,405.71
16205,31,4,761.38
16206,55,4,537.06
16207,26,1,394.38
16208,45,2,664.26
16209,89,5,2262.62
16210,2,18,21086.30
16211,89,1,547.02
16212,20,2,690.34
16213,79,1,159.00
16214,171,3,1062.75
16215,81,1,242.35
16216,268,1,914.93
16217,236,2,304.25
16218,30,7,3084.68
16221,37,3,864.86
16222,319,1,846.72
16224,58,4,1295.30
16225,45,5,1096.32
16226,204,3,255.12
16227,226,1,314.22
16229,88,2,1010.60
16230,190,2,542.03
16232,44,4,990.88
16233,72,3,536.68
16235,41,5,867.31
16236,79,1,432.20
16239,57,2,414.20
16240,25,2,3718.80
16241,10,13,2607.87
16242,9,7,3603.21
16243,34,2,409.10
16244,212,2,1522.75
16245,24,3,1413.66
16247,171,1,114.56
16248,62,1,152.94
16249,53,5,1800.07
16250,262,2,389.44
16253,67,2,3683.86
16255,17,8,2619.91
16256,267,1,752.43
16257,177,1,46.95
16258,46,5,5203.51
16260,51,1,1035.45
16261,18,4,746.83
16265,10,9,5447.00
16266,74,7,861.89
16268,72,2,667.65
16270,354,1,1141.24
16271,3,5,1429.24
16272,117,1,411.70
16274,374,1,357.95
16275,197,1,559.87
16276,177,1,810.60
16278,101,1,566.38
16279,22,3,1509.58
16281,73,1,2062.06
16282,340,1,168.30
16283,6,5,1570.81
16284,32,2,823.97
16287,170,1,142.50
16292,122,1,302.25
16293,22,10,2248.99
16295,10,4,1328.55
16297,269,1,301.90
16298,23,3,598.20
16302,127,1,233.22
16303,26,3,5360.63
16305,139,1,361.22
16306,214,6,632.27
16308,38,4,2560.00
16309,107,2,706.57
16311,18,2,616.26
16313,4,2,274.15
16315,331,1,226.37
16316,65,8,2938.91
16317,120,3,1341.65
16318,36,1,328.15
16319,218,1,404.40
16320,173,2,1038.46
16321,73,5,373.65
16322,2,2,326.75
16323,197,1,207.50
16324,129,3,428.68
16325,47,3,594.24
16326,6,14,3110.96
16327,15,6,3844.22
16330,18,3,251.91
16332,29,7,1593.20
16333,8,22,26626.80
16337,37,1,151.05
16338,158,1,214.80
16339,285,1,109.95
16340,108,1,549.07
16341,25,4,1971.87
16342,76,4,322.41
16343,17,2,370.48
16344,159,1,101.10
16345,45,1,575.41
16347,12,2,887.65
16348,33,7,1469.45
16349,291,1,53.50
16350,22,4,1116.47
16351,333,1,153.90
16352,18,2,494.44
16353,4,23,6675.71
16354,64,2,395.80
16356,198,3,211.77
16357,34,3,658.88
16358,2,4,2027.50
16359,8,9,1750.92
16360,5,6,3512.53
16361,10,4,896.66
16362,33,5,734.77
16363,54,1,109.36
16364,12,2,707.04
16365,18,9,1540.42
16366,19,1,327.30
16367,38,2,804.49
16368,3,2,497.43
16369,19,3,1553.66
16370,83,4,1320.56
16372,34,2,367.93
16374,67,2,473.03
16376,9,2,987.01
16377,268,1,676.20
16378,248,3,362.95
16379,5,4,2157.40
16380,62,1,1780.59
16383,75,2,668.36
16384,90,2,584.50
16385,61,3,555.89
16386,29,2,317.20
16387,323,1,94.36
16389,54,4,1382.07
16392,270,1,221.19
16393,3,13,3046.21
16394,57,5,1555.34
16395,61,5,1486.90
16398,155,2,1705.80
16399,20,2,408.57
16400,95,1,303.93
16401,2,12,4098.32
16402,265,2,299.60
16403,313,1,177.50
16404,71,1,443.05
16405,303,2,167.25
16406,19,1,163.07
16407,13,10,2126.93
16409,37,5,2028.88
16411,20,2,214.65
16412,54,1,151.83
16413,57,1,262.20
16414,22,2,126.25
16415,45,1,210.35
16416,27,3,1051.40
16418,45,3,675.27
16419,113,6,972.23
16422,18,51,34684.40
16423,25,1,346.12
16424,192,1,133.56
16425,303,1,302.70
16426,3,10,1908.25
16427,264,2,241.06
16429,107,1,284.55
16430,58,1,300.85
16431,214,3,642.81
16432,65,1,287.40
16433,29,1,184.26
16434,30,7,1522.25
16438,6,5,798.35
16440,8,5,3640.67
16441,68,2,381.20
16442,2,3,616.79
16444,47,4,654.67
16445,34,1,230.51
16446,1,2,168472.50
16447,136,1,259.01
16448,199,1,188.89
16449,198,2,707.69
16450,150,1,311.92
16451,88,1,266.97
16454,45,2,6.90
16455,64,7,1841.18
16456,100,5,2158.37
16457,219,1,208.36
16458,3,18,3482.74
16460,29,3,814.72
16461,178,1,151.42
16462,74,3,136.00
16463,22,4,1422.40
16464,20,3,1314.68
16466,34,7,1603.46
16468,75,1,74.90
16469,24,4,650.43
16470,52,4,762.39
16471,275,1,223.95
16473,165,3,316.11
16474,8,7,1871.50
16475,89,4,544.30
16477,64,7,2494.46
16478,26,3,331.00
16479,11,2,300.83
16480,76,1,769.29
16482,16,1,220.62
16483,193,1,139.35
16484,174,2,404.30
16485,78,1,363.65
16488,34,3,498.80
16491,47,1,731.50
16493,80,4,1351.63
16494,297,1,826.53
16495,4,3,684.41
16496,9,3,1599.52
16497,50,6,2965.69
16498,162,2,100.97
16499,361,2,365.45
16500,5,6,400.86
16503,107,4,1431.93
16504,26,1,484.38
16505,32,1,777.60
16506,20,2,90.30
16509,297,1,363.70
16510,373,1,248.10
16511,22,3,950.26
16513,5,4,874.59
16515,53,5,1627.13
16516,31,1,101.70
16517,278,1,162.70
16518,62,2,484.32
16519,26,2,215.08
16520,187,3,1046.57
16523,2,21,9418.47
16525,3,26,13027.45
16526,172,1,290.36
16527,82,1,228.06
16528,4,1,244.41
16529,191,1,455.25
16531,23,7,1244.59
16532,18,3,6748.80
16533,20,3,1095.56
16535,6,1,593.75
16536,111,1,548.97
16539,3,4,1388.81
16542,54,1,119.62
16545,165,1,339.30
16546,291,2,787.15
16549,11,10,4154.64
16550,109,5,2298.97
16551,96,3,922.12
16552,243,2,379.73
16553,164,12,5719.82
16554,43,3,837.10
16555,36,2,285.89
16556,67,7,3313.79
16557,25,2,281.85
16558,1,20,8338.49
16560,27,2,841.41
16561,6,2,511.12
16563,54,1,1077.74
16565,365,1,173.70
16566,16,5,614.66
16567,195,2,865.60
16569,4,1,124.20
16570,16,10,3738.40
16571,27,3,1421.69
16572,128,3,1009.60
16573,85,2,663.61
16574,72,1,451.44
16581,183,1,105.84
16582,114,1,313.62
16583,374,1,233.45
16584,81,2,936.08
16586,249,1,463.95
16587,233,1,225.15
16589,72,3,459.24
16591,69,1,213.50
16592,5,16,4113.68
16593,51,3,330.03
16594,76,1,181.09
16595,62,1,360.16
16596,16,2,250.15
16597,5,1,90.04
16598,286,1,145.05
16600,5,6,813.52
16601,41,1,244.80
16602,37,1,528.08
16603,75,2,482.47
16607,18,14,3347.71
16609,16,7,5493.46
16610,220,1,75.66
16611,187,1,129.49
16612,33,4,1187.66
16613,71,1,618.59
16614,183,1,506.19
16616,16,2,500.42
16617,236,1,151.85
16618,32,5,2647.59
16619,264,1,226.21
16620,4,2,178.96
16621,52,4,813.48
16623,246,1,129.45
16624,81,2,810.57
16625,275,1,333.08
16626,1,17,4413.10
16627,80,1,322.80
16628,30,5,2188.05
16629,74,2,417.73
16633,18,6,2883.10
16634,223,2,217.90
16637,33,4,1154.47
16638,23,10,1680.72
16639,32,3,1257.51
16641,106,1,231.10
16642,5,2,688.33
16643,246,1,487.51
16644,178,2,833.78
16647,170,2,214.06
16648,43,1,290.66
16650,72,1,518.42
16652,59,7,6773.97
16653,17,2,1212.66
16654,142,4,601.27
16655,18,6,3794.52
16656,23,15,8625.80
16657,10,4,933.62
16658,369,1,123.24
16659,190,1,39.12
16660,17,4,1267.65
16665,363,1,135.40
16666,20,1,118.98
16667,69,2,570.13
16668,16,6,306.72
16669,24,3,1374.87
16670,17,11,4095.90
16671,29,3,1692.27
16672,3,20,8134.94
16674,55,2,319.61
16676,34,4,1592.12
16678,3,12,3109.99
16679,367,1,129.75
16680,44,1,183.70
16681,73,6,1770.34
16682,5,5,1028.00
16684,5,28,66653.56
16685,62,2,324.24
16686,48,7,3062.83
16688,2,4,1260.86
16689,76,2,422.60
16690,73,2,225.58
16692,257,2,1276.00
16693,69,2,482.01
16696,136,4,657.90
16697,242,1,112.75
16698,227,2,1998.00
16700,9,13,5076.55
16701,9,13,5398.30
16705,1,20,14034.99
16706,38,3,531.35
16708,46,1,656.63
16709,85,5,3029.87
16710,20,10,2483.04
16711,4,5,1651.03
16712,10,11,3645.43
16713,19,15,6923.13
16714,219,3,1161.53
16715,79,1,301.72
16716,267,2,901.20
16717,24,6,3858.38
16718,370,1,623.75
16719,15,7,1790.42
16720,27,1,155.24
16721,263,1,292.47
16722,18,13,4730.81
16723,92,2,589.15
16725,303,7,781.02
16726,27,5,1382.02
16727,365,1,272.82
16728,47,4,1054.67
16729,39,21,7239.92
16730,53,3,743.11
16732,32,1,603.75
16734,53,3,650.51
16735,79,5,2300.56
16737,54,1,417.60
16738,298,1,3.75
16739,177,1,323.00
16742,47,1,464.90
16743,30,7,2238.09
16744,12,7,1304.76
16745,87,17,7194.30
16746,5,18,6697.66
16747,38,2,836.06
16748,18,5,1515.90
16750,45,5,623.93
16751,31,1,1764.72
16752,373,1,207.50
16753,59,1,223.92
16754,373,1,2002.40
16755,115,3,1496.83
16756,215,1,239.40
16757,319,1,106.83
16758,66,1,369.34
16759,8,3,789.79
16761,97,1,316.62
16762,20,3,1501.38
16763,199,1,611.85
16764,4,13,2799.25
16765,295,1,34.00
16766,274,2,1145.60
16767,31,11,5580.60
16768,48,3,478.09
16769,261,1,380.39
16770,58,5,770.10
16771,34,5,2246.81
16773,58,1,171.59
16774,68,4,661.52
16775,11,11,1695.66
16776,61,1,388.28
16777,81,2,226.35
16778,75,2,245.94
16779,3,22,10629.72
16780,101,2,425.19
16781,373,1,311.25
16782,11,13,2279.90
16784,20,1,107.60
16788,124,2,597.48
16789,9,1,80.80
16790,4,6,1545.62
16791,30,7,1721.78
16792,283,2,110.38
16793,58,1,243.84
16794,2,10,1222.71
16795,366,1,414.88
16796,90,1,305.62
16800,12,1,1201.49
16801,164,4,1619.73
16803,66,1,332.30
16804,24,3,536.99
16805,174,2,460.59
16806,104,4,801.49
16807,143,3,1121.59
16808,100,2,288.42
16809,24,5,914.69
16810,193,1,309.54
16811,5,2,547.07
16812,361,1,479.35
16813,9,10,1692.98
16814,15,21,6509.10
16816,104,4,417.06
16817,3,9,1604.75
16818,11,11,3349.57
16820,96,1,497.61
16823,228,1,358.38
16824,16,2,460.64
16825,39,2,775.18
16826,52,1,341.70
16828,94,2,128.50
16829,157,1,197.22
16830,39,1,325.91
16832,185,3,199.15
16833,2,4,1106.53
16834,228,1,413.46
16835,129,2,180.85
16836,40,2,251.87
16837,32,11,3170.98
16838,198,2,588.85
16839,9,34,16594.35
16841,37,6,1869.82
16842,101,3,1264.19
16843,43,16,10196.57
16846,51,1,214.32
16847,44,1,193.44
16848,53,1,281.42
16849,187,1,124.57
16850,334,1,332.41
16851,5,3,342.45
16852,11,2,144.91
16855,24,2,328.40
16856,15,1,35.40
16858,369,1,375.69
16859,145,2,747.81
16861,60,2,173.76
16863,32,2,502.80
16866,141,3,207.74
16869,23,4,825.42
16871,23,6,2812.34
16872,78,3,680.02
16873,5,6,7123.62
16875,68,5,2095.53
16877,13,6,853.72
16878,85,1,13.30
16880,31,7,1519.08
16881,67,1,432.00
16882,67,3,705.12
16883,188,2,276.73
16884,38,2,429.84
16885,16,3,471.51
16887,36,1,194.88
16889,195,3,1578.67
16891,2,5,809.70
16892,2,5,525.54
16893,367,1,145.93
16895,65,1,219.14
16897,300,2,289.78
16898,27,3,508.81
16899,8,6,1281.56
16900,17,3,887.11
16902,117,1,1706.88
16903,30,1,373.24
16904,5,16,3754.27
16905,6,7,3102.43
16906,82,4,579.77
16907,30,5,981.65
16909,73,1,379.14
16910,5,8,1510.06
16912,29,11,2575.38
16913,291,1,113.44
16914,37,1,208.46
16915,10,6,621.68
16916,24,2,576.26
16917,277,1,391.52
16918,50,6,1068.82
16919,157,11,2596.45
16921,62,1,169.79
16923,13,19,7247.61
16924,22,3,846.75
16926,372,1,230.25
16927,116,3,543.05
16928,81,17,2847.60
16929,4,7,1295.39
16930,27,3,380.55
16931,6,21,4604.22
16932,54,1,161.94
16933,2,2,563.23
16934,55,2,950.93
16936,26,1,262.68
16938,9,4,2736.38
16940,53,3,3049.88
16942,13,9,1920.59
16943,212,3,816.73
16945,22,19,4345.50
16947,236,1,406.48
16948,139,3,435.02
16949,4,6,1286.27
16950,57,3,1178.56
16951,135,3,1277.75
16952,110,2,167.61
16953,31,1,20.80
16954,1,9,2085.08
16955,185,4,518.67
16956,18,1,308.74
16957,240,2,416.64
16959,88,1,117.35
16960,39,3,507.05
16961,117,1,234.17
16963,188,1,110.55
16965,227,1,201.19
16966,9,7,2154.97
16967,190,1,319.02
16968,5,2,439.43
16969,40,3,650.41
16971,39,1,357.21
16976,268,1,251.52
16978,78,1,344.33
16979,4,6,1852.00
16980,256,2,1078.96
16982,61,1,384.06
16983,13,7,1931.25
16984,89,2,4481.35
16985,18,10,5464.12
16986,30,2,1873.20
16987,4,7,1625.05
16988,6,1,126.12
16989,8,6,1133.25
16990,219,1,179.00
16992,11,5,1614.31
16996,31,6,1456.96
16997,289,3,702.00
16998,150,4,295.00
16999,24,2,484.82
17001,1,11,3989.57
17002,86,3,1493.73
17004,47,2,1412.94
17006,5,4,781.78
17007,51,6,889.93
17010,19,1,195.36
17011,31,1,270.90
17014,9,3,586.33
17015,29,3,1842.56
17017,3,20,8694.26
17018,41,2,920.10
17019,12,4,1272.61
17022,32,1,71.00
17024,46,3,95.85
17025,61,3,357.77
17026,186,2,154.83
17027,79,6,890.29
17029,111,2,716.00
17030,64,1,146.87
17031,12,2,380.35
17033,87,3,1030.14
17034,17,3,745.52
17035,246,2,433.53
17037,88,1,1267.32
17038,31,1,112.40
17040,138,1,449.73
17041,27,3,1081.57
17042,3,5,1044.38
17043,33,4,1735.18
17044,26,1,948.48
17045,114,3,339.44
17046,158,1,642.02
17047,86,3,1100.90
17048,118,3,925.35
17049,3,9,5659.98
17050,97,6,3228.84
17051,195,1,247.14
17052,29,1,413.75
17053,131,1,498.48
17054,29,5,1356.33
17058,82,3,1179.89
17059,30,5,3095.04
17060,267,1,234.24
17061,74,11,5232.23
17062,314,4,538.37
17063,22,7,1461.14
17064,59,3,859.35
17068,13,21,4552.14
17069,29,9,2709.70
17070,115,1,312.14
17071,29,9,2429.03
17073,18,4,1446.09
17075,18,4,834.12
17076,37,3,841.08
17078,37,2,378.20
17079,79,1,118.80
17080,23,2,287.62
17081,26,2,290.16
17082,34,2,2003.85
17083,110,3,1405.78
17084,36,2,2949.75
17085,124,5,1566.65
17086,8,6,2050.08
17088,29,4,1991.01
17090,5,7,2043.95
17091,3,9,3827.76
17092,51,4,1777.78
17094,323,1,302.00
17095,23,3,1324.16
17096,16,4,1022.13
17097,3,8,954.42
17100,19,2,971.74
17101,11,4,1621.73
17102,262,1,25.50
17105,160,2,665.78
17107,34,6,10815.43
17109,30,6,885.04
17110,166,1,163.30
17111,48,1,248.61
17114,6,8,808.62
17115,9,3,837.50
17117,289,1,116.20
17118,318,1,157.02
17119,4,2,606.91
17120,234,1,307.46
17122,120,1,138.32
17123,162,1,345.30
17124,186,1,298.89
17125,51,1,259.35
17126,153,5,1004.75
17128,335,1,157.09
17131,6,5,2463.17
17133,16,7,4892.24
17134,107,2,425.00
17135,17,7,1139.73
17138,276,1,380.50
17139,16,12,10668.47
17140,248,1,465.32
17142,240,1,579.00
17144,2,2,984.57
17146,106,3,749.78
17147,23,4,1714.59
17148,52,1,124.88
17152,195,3,1689.50
17153,25,1,213.78
17154,76,1,329.34
17155,18,2,251.70
17157,8,2,319.00
17158,33,3,1266.97
17159,22,3,1538.88
17160,32,6,3518.03
17162,29,10,1715.46
17163,22,2,293.10
17164,33,7,2467.35
17165,285,1,158.68
17166,39,2,206.34
17169,58,2,835.78
17171,290,1,224.91
17172,79,1,317.76
17173,6,8,3766.60
17174,218,1,59.90
17175,45,4,1443.69
17176,202,1,306.13
17179,179,3,711.79
17180,57,4,796.03
17181,58,2,239.92
17183,8,6,3347.31
17186,47,2,144.00
17187,227,1,203.95
17188,12,7,2474.23
17189,107,2,384.40
17190,59,2,444.74
17191,29,7,2095.13
17193,36,7,1699.30
17194,274,2,262.62
17197,30,1,1013.01
17198,24,3,692.22
17201,54,1,342.63
17203,36,6,3563.85
17204,176,4,1564.56
17205,54,1,384.08
17206,54,1,204.24
17211,27,8,2317.22
17212,254,1,226.85
17213,41,7,2781.23
17214,61,6,1069.12
17217,235,1,113.50
17218,5,10,1960.72
17219,32,1,114.23
17220,25,14,3198.25
17221,8,2,335.13
17222,66,1,354.15
17223,311,2,426.79
17226,309,1,393.49
17227,19,6,939.32
17228,16,8,1906.09
17229,97,2,318.76
17230,265,8,3638.41
17231,13,10,3174.32
17232,3,2,421.52
17233,36,1,190.88
17234,183,1,149.89
17235,26,2,550.06
17236,13,6,916.13
17237,12,2,314.69
17238,3,17,3744.65
17239,313,1,382.50
17242,109,2,1135.04
17243,2,26,8676.85
17244,54,1,954.90
17245,205,1,171.45
17247,16,1,282.19
17248,121,1,318.65
17250,4,2,384.52
17251,363,1,283.28
17252,117,2,353.86
17253,19,1,178.26
17254,5,2,272.44
17255,41,2,298.41
17256,108,2,240.00
17259,149,2,603.37
17262,53,5,1253.36
17263,209,1,63.44
17265,139,2,562.90
17266,3,3,310.64
17267,128,2,317.62
17268,108,4,763.64
17272,43,4,2148.63
17274,36,1,111.98
17277,228,2,1065.35
17278,242,1,246.04
17279,58,1,187.83
17282,131,3,1703.41
17284,61,6,1652.58
17286,22,1,153.92
17287,27,7,1064.11
17288,10,7,1419.73
17289,32,3,944.41
17290,4,2,525.24
17291,309,1,550.80
17293,9,9,1875.11
17295,29,3,556.95
17297,18,1,131.78
17298,102,2,498.42
17299,12,4,669.11
17301,22,1,197.63
17302,15,5,1135.63
17303,362,1,250.04
17306,11,19,8631.31
17309,96,1,82.75
17311,79,2,1384.85
17312,139,3,644.30
17313,32,1,2328.84
17314,25,8,2527.92
17315,2,38,6292.26
17317,47,3,2600.34
17320,101,3,1200.62
17321,9,2,700.86
17323,16,7,921.07
17324,18,4,990.23
17325,281,1,96.80
17329,15,2,523.11
17330,23,2,363.90
17331,124,1,175.20
17333,86,1,494.25
17334,303,2,307.02
17337,152,4,2027.87
17338,18,8,6643.93
17339,95,2,243.36
17340,30,11,12353.29
17341,157,3,781.36
17343,356,1,193.64
17344,47,1,160.57
17345,16,4,537.74
17346,4,15,2676.56
17347,87,1,228.96
17348,15,5,1159.52
17349,180,1,110.75
17350,9,4,1286.07
17351,37,3,587.15
17353,130,2,1740.00
17354,51,1,1393.06
17356,312,1,178.22
17357,25,2,388.14
17358,304,2,365.85
17359,12,1,127.86
17360,18,3,585.79
17361,50,3,488.20
17362,240,2,312.23
17364,1,11,4481.18
17365,13,8,4801.56
17367,239,1,168.40
17368,24,8,1912.67
17370,73,4,446.18
17371,18,3,423.89
17372,41,8,1342.68
17373,41,4,646.92
17374,219,2,495.77
17375,200,3,400.10
17376,71,2,203.20
17377,24,20,4100.92
17379,12,1,404.66
17381,9,29,20275.61
17382,66,1,65.40
17383,5,1,199.29
17384,20,2,336.40
17385,15,1,261.11
17386,8,6,2686.42
17387,20,2,784.11
17388,78,4,1259.56
17389,1,34,31833.68
17391,164,2,508.80
17392,307,2,457.91
17394,220,1,203.87
17396,40,8,7330.80
17397,23,2,696.41
17398,115,3,653.38
17400,127,5,2129.96
17402,5,13,2633.85
17403,37,1,281.62
17404,5,15,31906.82
17405,2,3,1031.41
17406,334,3,2200.42
17408,164,1,32.65
17409,185,2,771.85
17410,17,5,1214.72
17411,13,3,778.94
17412,3,7,1258.06
17414,44,2,778.00
17415,80,1,507.84
17416,30,7,6893.42
17418,43,2,463.46
17419,12,12,4226.57
17420,51,3,598.83
17422,17,6,1979.37
17423,47,2,698.41
17425,20,2,759.17
17426,9,6,5037.26
17427,72,1,100.80
17428,1,28,17256.85
17429,129,3,524.92
17430,33,2,265.76
17431,314,1,403.30
17432,19,2,365.76
17433,89,1,303.16
17434,3,7,2373.82
17436,2,2,216.30
17438,254,1,388.45
17440,157,3,186.42
17442,37,6,2248.56
17443,220,1,534.24
17444,148,3,2940.04
17446,177,2,120.90
17447,41,2,541.53
17449,3,7,2520.86
17450,9,46,194550.79
17451,2,7,1721.40
17453,18,2,486.72
17454,193,4,517.53
17455,204,1,131.70
17456,366,1,249.86
17457,127,5,1737.70
17458,16,1,316.50
17459,44,2,657.30
17460,95,6,622.43
17461,23,3,757.46
17462,61,2,675.69
17463,17,5,1896.41
17464,159,1,289.96
17466,11,2,763.28
17468,11,2,137.00
17469,17,5,1870.97
17470,45,5,1125.07
17472,192,3,710.29
17475,80,1,194.37
17480,78,1,511.82
17481,4,4,1255.59
17483,66,3,414.04
17486,262,1,396.87
17489,59,2,376.64
17490,1,7,2092.32
17491,2,10,3558.87
17492,249,1,374.57
17495,8,2,497.56
17496,359,1,271.05
17498,76,1,272.22
17499,290,1,622.88
17500,18,3,1138.00
17501,221,2,288.60
17502,10,4,689.10
17503,3,2,558.96
17504,207,9,2997.03
17505,162,2,1145.84
17506,76,1,302.20
17507,262,2,605.58
17508,281,1,387.31
17509,58,8,6115.14
17510,25,1,308.48
17511,3,31,91062.38
17512,29,10,2924.99
17513,73,1,513.20
17514,129,1,208.65
17515,32,4,639.02
17516,16,5,768.08
17517,309,1,153.94
17519,18,6,1844.02
17520,54,1,546.81
17521,30,3,723.21
17522,2,5,1070.71
17523,12,4,652.74
17524,362,1,145.00
17525,360,1,422.70
17526,5,4,1195.90
17527,54,4,939.37
17528,2,8,3628.50
17530,2,10,2385.00
17531,191,1,296.70
17534,54,1,223.36
17535,281,1,164.40
17536,178,1,76.50
17537,30,2,897.62
17538,26,1,98.42
17540,25,2,578.90
17542,270,1,170.75
17545,44,3,645.96
17548,234,1,103.30
17549,24,2,148.86
17550,198,3,267.16
17551,360,1,306.84
17552,61,4,930.41
17553,130,1,1487.60
17554,2,5,1952.45
17555,20,2,483.26
17556,206,1,157.90
17557,15,3,541.46
17560,95,4,854.95
17561,20,1,167.62
17562,15,7,1122.38
17564,25,3,454.01
17566,9,2,901.21
17567,8,8,4331.48
17569,333,1,344.14
17571,51,4,1498.51
17572,72,4,226.75
17573,30,3,380.60
17574,243,1,185.65
17576,9,19,3622.68
17578,219,1,143.46
17579,5,3,448.90
17580,253,3,215.72
17581,1,25,11045.04
17582,237,1,175.27
17584,8,2,1242.30
17585,110,4,1133.07
17588,101,3,1240.20
17589,61,4,2404.17
17590,3,3,1479.22
17591,74,7,2225.97
17593,4,5,3927.34
17594,86,2,993.18
17595,13,2,388.79
17596,24,7,2827.93
17597,214,1,2044.37
17600,18,1,161.67
17601,240,1,116.01
17602,3,6,5102.97
17603,79,1,394.72
17604,218,2,309.36
17608,34,2,193.42
17609,41,5,1112.22
17611,8,15,3984.22
17612,54,6,2048.45
17613,23,14,4559.15
17614,58,1,390.07
17615,131,3,329.60
17616,174,3,571.20
17618,6,3,971.58
17619,313,1,218.52
17620,60,1,81.44
17621,22,3,1379.90
17623,33,1,527.05
17624,15,2,843.48
17625,19,4,2047.00
17628,82,1,75.75
17629,6,8,1814.12
17630,170,2,503.60
17631,2,3,528.33
17633,32,4,1324.84
17634,37,9,2361.97
17636,20,1,285.56
17637,32,2,547.06
17639,277,1,108.50
17640,87,1,621.66
17642,120,2,712.29
17643,374,1,101.55
17644,2,11,2895.64
17646,220,3,1008.39
17647,66,1,133.06
17648,61,4,1797.50
17649,139,1,868.49
17650,22,1,166.08
17651,12,10,3945.00
17652,26,12,4867.72
17653,37,4,1207.56
17654,278,1,117.55
17655,11,7,2638.94
17656,74,5,1674.69
17658,26,2,595.42
17659,18,12,2999.46
17660,142,1,196.00
17663,26,7,1802.91
17664,19,2,604.64
17666,4,2,728.16
17667,67,5,2055.51
17668,2,2,347.75
17669,43,7,3406.72
17670,228,1,205.70
17671,16,4,1572.71
17672,51,2,3178.17
17673,2,6,1629.12
17674,75,2,551.04
17675,2,31,20374.28
17676,5,6,1387.68
17677,2,30,16363.23
17678,264,1,298.11
17679,53,2,1992.11
17680,24,1,184.40
17682,11,6,2474.33
17684,44,1,239.41
17685,17,7,3191.53
17686,8,7,5739.46
17690,31,15,4757.95
17691,359,2,290.40
17692,128,4,740.94
17693,138,1,200.47
17694,142,1,283.12
17695,132,2,765.34
17696,39,8,2285.71
17697,237,1,338.95
17698,261,1,154.95
17700,17,4,2534.64
17701,253,1,417.95
17702,31,4,1824.37
17703,36,3,798.74
17704,169,2,885.19
17705,4,9,1823.52
17706,5,17,10504.49
17707,186,2,152.40
17708,188,2,267.08
17709,170,1,137.45
17711,11,2,385.10
17712,45,1,522.91
17714,321,1,153.00
17715,201,1,326.40
17716,23,11,5655.99
17718,233,1,139.35
17719,38,15,5396.04
17720,27,4,1195.94
17722,97,4,2424.04
17723,128,6,3276.40
17724,72,3,1033.00
17725,17,11,3439.08
17727,16,1,1060.25
17728,4,3,2876.01
17730,4,13,5298.48
17731,80,4,1240.11
17732,373,1,303.97
17733,39,2,692.19
17734,54,3,700.63
17735,3,19,13110.02
17736,10,3,377.44
17737,10,2,168.24
17738,20,4,1879.05
17739,12,7,2791.35
17742,114,2,355.11
17744,4,6,2322.40
17746,241,1,110.25
17747,113,1,71.40
17749,179,2,674.52
17750,6,9,1797.57
17752,360,1,80.64
17754,1,5,1772.26
17757,2,30,5605.29
17758,20,8,3456.70
17759,18,3,834.99
17760,22,2,287.59
17761,33,1,712.78
17763,264,1,15.00
17764,51,2,818.82
17765,159,3,371.88
17767,16,1,271.20
17768,9,3,2273.18
17769,13,10,3997.98
17770,199,5,1143.27
17771,57,2,245.81
17772,11,2,182.77
17774,97,4,1225.41
17775,255,1,56.40
17777,25,3,665.86
17779,22,3,658.57
17781,160,2,188.02
17783,73,2,283.47
17785,54,1,131.94
17786,86,2,278.74
17787,153,4,1865.19
17788,74,2,1117.90
17789,282,1,225.90
17790,27,14,1965.55
17791,30,1,106.10
17793,26,1,323.04
17795,180,2,350.39
17796,41,4,697.90
17797,23,3,780.43
17799,23,10,3055.93
17800,38,9,1199.01
17802,83,3,1285.04
17805,74,1,512.31
17806,12,1,546.04
17809,17,12,5411.91
17811,5,39,7837.73
17812,13,4,732.16
17813,15,5,1770.88
17816,37,4,36.56
17817,5,3,387.68
17819,72,7,3704.87
17824,52,1,298.40
17827,6,5,1995.46
17828,23,4,1820.09
17829,299,1,889.24
17830,2,3,398.70
17831,34,1,35.40
17832,50,1,155.37
17835,3,3,350.64
17836,48,1,110.21
17837,43,8,1593.38
17838,27,5,2779.30
17839,43,1,338.80
17841,2,124,40991.57
17843,304,1,205.48
17844,107,1,51.56
17846,86,1,2033.10
17848,82,9,901.20
17849,219,4,605.80
17850,373,34,5391.21
17852,12,2,114.34
17854,186,2,311.26
17855,373,1,208.97
17856,2,4,1418.03
17857,5,23,26879.04
17858,6,12,5155.66
17859,305,1,148.21
17860,369,1,252.80
17861,4,8,2100.80
17862,324,1,330.90
17863,60,6,3160.00
17864,13,3,597.50
17865,31,20,10526.32
17866,143,1,329.65
17867,31,6,1197.10
17869,108,5,428.18
17870,3,12,1894.35
17871,205,1,155.90
17873,81,5,1859.16
17874,186,6,683.46
17877,171,1,237.61
17878,44,1,379.45
17879,174,1,178.52
17880,365,1,458.92
17881,305,1,133.35
17883,4,4,671.77
17884,4,4,717.45
17885,13,1,190.19
17886,32,3,899.61
17887,130,1,111.35
17888,22,8,726.05
17889,213,2,203.87
17890,323,2,602.09
17891,163,1,203.86
17892,57,3,244.10
17893,226,1,112.25
17894,72,8,1119.81
17895,45,1,98.00
17896,24,1,256.32
17897,173,3,566.60
17898,86,2,152.06
17899,160,1,155.80
17900,191,2,112.20
17901,30,1,110.38
17904,22,1,191.67
17905,72,4,800.24
17906,248,1,72.90
17908,374,1,243.28
17911,10,1,366.23
17912,311,5,311.01
17913,59,2,411.60
17914,4,1,336.43
17917,46,3,341.28
17919,89,1,1304.04
17920,5,17,4204.10
17921,65,4,826.52
17923,283,1,207.50
17924,12,7,2962.50
17925,373,1,244.08
17926,134,2,397.29
17928,46,2,212.54
17929,12,4,843.00
17930,36,5,1740.48
17931,135,2,408.36
17932,30,3,1331.57
17934,52,2,704.25
17935,139,2,145.79
17936,6,1,389.84
17937,9,7,4301.22
17939,160,1,99.14
17940,50,10,4106.44
17941,131,1,304.56
17942,8,1,77.50
17946,234,2,149.58
17947,38,1,176.68
17948,148,1,358.56
17949,2,45,58510.48
17950,73,3,482.20
17951,40,3,1008.54
17954,6,12,2332.72
17955,199,4,557.30
17956,250,1,12.75
17957,67,1,111.68
17958,117,1,508.46
17960,172,1,73.78
17961,22,39,1296.44
17962,143,1,102.83
17964,32,2,471.70
17965,38,14,2622.57
17966,38,5,1098.43
17967,372,1,123.07
17968,374,1,277.35
17969,167,2,228.20
17970,212,1,582.59
17972,242,1,136.04
17973,52,1,337.04
17974,25,3,740.79
17975,16,13,4488.81
17976,373,1,353.19
17977,30,1,288.14
17978,366,1,300.92
17979,36,4,757.71
17980,166,3,811.45
17984,146,1,152.68
17985,23,1,634.95
17986,57,1,20.80
17987,186,1,198.57
17988,12,7,201.12
17990,237,3,630.84
17991,226,2,93.35
17994,122,4,678.49
17995,282,1,76.10
17997,75,8,1970.67
17999,38,2,382.06
18001,13,2,417.23
18004,363,1,169.47
18005,4,2,249.72
18006,24,1,444.68
18008,71,9,2116.19
18009,236,1,257.34
18010,257,1,174.80
18011,374,1,102.79
18013,156,2,187.29
18014,29,1,166.42
18015,5,1,120.03
18016,33,5,1483.56
18017,82,3,523.00
18018,109,2,122.14
18019,52,1,38.45
18022,36,1,668.11
18024,153,2,389.78
18027,99,1,115.31
18030,5,2,230.65
18032,335,1,73.50
18033,66,1,97.97
18034,22,2,422.88
18035,36,3,730.40
18036,33,3,405.62
18037,155,6,70.02
18040,20,2,357.20
18041,12,21,4183.39
18042,54,1,165.05
18043,25,3,559.51
18044,5,10,2088.60
18045,46,1,189.40
18048,204,2,172.29
18050,360,1,74.40
18053,71,1,300.02
18055,8,10,6784.19
18056,289,1,363.65
18058,10,1,170.16
18059,24,3,306.46
18061,22,10,2119.41
18062,174,3,720.52
18064,134,2,814.00
18065,6,14,2392.83
18066,76,1,318.00
18067,41,1,396.33
18068,290,1,101.70
18069,27,5,2036.67
18071,258,2,453.00
18072,186,1,247.44
18073,115,12,3877.52
18074,374,1,489.60
18075,24,10,2611.75
18077,9,11,2633.01
18078,218,2,336.13
18079,46,4,3651.97
18080,19,2,1231.50
18081,37,3,343.45
18082,26,1,703.37
18084,17,1,90.48
18085,331,2,689.95
18086,275,1,101.34
18087,99,2,4055.72
18088,62,1,167.67
18092,3,11,9068.26
18093,94,4,2106.52
18094,82,7,3017.30
18095,313,2,580.05
18096,12,3,911.15
18097,8,6,2697.80
18099,128,1,168.31
18101,12,2,223.65
18102,1,60,259657.30
18104,38,1,754.64
18105,38,1,113.48
18106,330,1,430.70
18108,255,1,271.00
18109,2,26,8052.97
18110,20,1,236.30
18112,13,2,352.69
18113,369,1,76.32
18114,291,1,220.10
18116,68,8,1418.03
18117,26,1,320.72
18118,11,26,5653.82
18119,368,1,181.12
18120,215,1,111.15
18121,150,2,673.10
18122,9,6,1826.21
18123,25,2,589.44
18125,30,4,1142.99
18126,61,1,206.83
18127,20,3,348.73
18129,244,1,112.55
18130,16,3,1059.39
18133,213,1,931.50
18135,30,5,681.91
18136,64,3,784.33
18138,296,1,152.65
18139,18,6,8438.34
18142,158,2,1019.52
18143,117,2,1000.16
18144,8,12,2888.75
18145,13,4,2861.55
18146,141,2,160.35
18147,46,2,179.34
18149,51,3,612.08
18150,33,3,566.58
18151,135,2,653.35
18154,4,2,399.19
18155,76,3,371.62
18156,13,2,734.94
18158,10,2,453.40
18159,302,1,530.15
18160,58,2,638.06
18161,16,5,1618.69
18164,38,1,399.65
18165,178,1,302.46
18167,24,3,1384.86
18168,177,6,1169.94
18169,61,1,202.65
18170,34,3,980.31
18171,59,5,1231.31
18172,15,20,7561.68
18173,87,4,2106.84
18174,8,1,104.00
18176,359,1,476.35
18177,32,6,1341.42
18178,129,4,1590.81
18179,10,6,1793.17
18180,5,6,1843.75
18181,25,1,382.80
18183,228,2,632.07
18184,16,1,49.80
18185,250,1,304.25
18188,16,3,2001.04
18189,78,2,1090.24
18190,193,2,284.46
18191,262,1,207.80
18192,72,1,957.97
18193,166,1,243.76
18194,83,1,973.84
18196,96,2,689.13
18198,5,17,5425.56
18200,107,1,163.80
18202,200,3,1396.99
18203,158,1,160.42
18204,72,3,1993.70
18205,37,2,517.36
18209,29,1,139.10
18210,2,6,2621.38
18211,26,5,600.07
18212,327,1,248.42
18213,237,1,232.48
18215,90,1,299.34
18216,32,1,481.75
18217,30,2,621.75
18218,212,2,662.08
18219,3,10,2069.77
18220,227,1,305.28
18221,23,5,1041.61
18222,93,1,443.00
18223,5,14,6484.54
18224,264,1,158.95
18225,4,12,5509.12
18226,45,11,5228.05
18227,218,1,93.75
18228,57,2,779.90
18229,12,20,7276.90
18230,10,7,2810.20
18231,193,5,2083.27
18232,82,4,592.97
18233,326,1,440.00
18235,72,3,1796.48
18236,30,6,882.24
18237,3,5,987.10
18239,219,5,1561.61
18240,47,1,422.58
18241,10,17,2073.09
18242,73,4,2232.49
18245,8,7,2567.06
18246,24,2,596.10
18248,123,2,804.02
18249,18,1,95.34
18250,311,1,349.27
18251,88,1,4314.72
18252,51,2,526.67
18255,90,1,103.30
18257,40,8,2337.63
18259,25,3,2338.60
18260,173,6,2643.20
18261,44,2,324.24
18262,141,1,149.48
18263,26,3,1213.16
18265,73,2,801.51
18268,135,1,25.50
18269,367,1,168.60
18270,39,2,283.15
18272,3,6,3078.58
18273,3,3,204.00
18274,31,1,175.92
18276,44,1,335.86
18277,59,1,110.38
18278,74,1,173.90
18280,278,1,180.60
18281,181,1,80.82
18282,8,2,178.05
18283,4,16,2094.88
18287,43,3,1837.28
